product_id,date,sales
P001,2023-01-01,56
P001,2023-01-02,35
P001,2023-01-03,44
P001,2023-01-04,45
P001,2023-01-05,30
P001,2023-01-06,34
P001,2023-01-07,55
P001,2023-01-08,52
P001,2023-01-09,40
P001,2023-01-10,36
P001,2023-01-11,44
P001,2023-01-12,44
P001,2023-01-13,40
P001,2023-01-14,60
P001,2023-01-15,56
P001,2023-01-16,36
P001,2023-01-17,42
P001,2023-01-18,35
P001,2023-01-19,45
P001,2023-01-20,40
P001,2023-01-21,53
P001,2023-01-22,51
P001,2023-01-23,46
P001,2023-01-24,39
P001,2023-01-25,38
P001,2023-01-26,38
P001,2023-01-27,43
P001,2023-01-28,56
P001,2023-01-29,56
P001,2023-01-30,42
P001,2023-01-31,51
P001,2023-02-01,38
P001,2023-02-02,38
P001,2023-02-03,36
P001,2023-02-04,57
P001,2023-02-05,60
P001,2023-02-06,40
P001,2023-02-07,36
P001,2023-02-08,36
P001,2023-02-09,44
P001,2023-02-10,44
P001,2023-02-11,57
P001,2023-02-12,51
P001,2023-02-13,42
P001,2023-02-14,41
P001,2023-02-15,42
P001,2023-02-16,45
P001,2023-02-17,42
P001,2023-02-18,58
P001,2023-02-19,55
P001,2023-02-20,42
P001,2023-02-21,44
P001,2023-02-22,33
P001,2023-02-23,39
P001,2023-02-24,38
P001,2023-02-25,51
P001,2023-02-26,53
P001,2023-02-27,48
P001,2023-02-28,36
P001,2023-03-01,45
P001,2023-03-02,32
P001,2023-03-03,39
P001,2023-03-04,55
P001,2023-03-05,58
P001,2023-03-06,44
P001,2023-03-07,45
P001,2023-03-08,39
P001,2023-03-09,38
P001,2023-03-10,45
P001,2023-03-11,54
P001,2023-03-12,48
P001,2023-03-13,35
P001,2023-03-14,432
P001,2023-03-15,43
P001,2023-03-16,41
P001,2023-03-17,44
P001,2023-03-18,53
P001,2023-03-19,56
P001,2023-03-20,44
P001,2023-03-21,39
P001,2023-03-22,43
P001,2023-03-23,38
P001,2023-03-24,39
P001,2023-03-25,53
P001,2023-03-26,49
P001,2023-03-27,43
P001,2023-03-28,39
P001,2023-03-29,41
P001,2023-03-30,43
P001,2023-03-31,43
P001,2023-04-01,58
P001,2023-04-02,54
P001,2023-04-03,39
P001,2023-04-04,41
P001,2023-04-05,33
P001,2023-04-06,34
P001,2023-04-07,34
P001,2023-04-08,50
P001,2023-04-09,57
P001,2023-04-10,36
P001,2023-04-11,39
P001,2023-04-12,48
P001,2023-04-13,39
P001,2023-04-14,45
P001,2023-04-15,50
P001,2023-04-16,54
P001,2023-04-17,36
P001,2023-04-18,39
P001,2023-04-19,45
P001,2023-04-20,32
P001,2023-04-21,43
P001,2023-04-22,56
P001,2023-04-23,52
P001,2023-04-24,34
P001,2023-04-25,42
P001,2023-04-26,39
P001,2023-04-27,42
P001,2023-04-28,41
P001,2023-04-29,63
P001,2023-04-30,54
P001,2023-05-01,36
P001,2023-05-02,42
P001,2023-05-03,42
P001,2023-05-04,48
P001,2023-05-05,45
P001,2023-05-06,57
P001,2023-05-07,63
P001,2023-05-08,35
P001,2023-05-09,38
P001,2023-05-10,37
P001,2023-05-11,39
P001,2023-05-12,34
P001,2023-05-13,58
P001,2023-05-14,54
P001,2023-05-15,34
P001,2023-05-16,36
P001,2023-05-17,43
P001,2023-05-18,46
P001,2023-05-19,51
P001,2023-05-20,70
P001,2023-05-21,57
P001,2023-05-22,36
P001,2023-05-23,31
P001,2023-05-24,43
P001,2023-05-25,37
P001,2023-05-26,39
P001,2023-05-27,52
P001,2023-05-28,55
P001,2023-05-29,47
P001,2023-05-30,42
P001,2023-05-31,41
P001,2023-06-01,36
P001,2023-06-02,33
P001,2023-06-03,53
P001,2023-06-04,55
P001,2023-06-05,0
P001,2023-06-06,0
P001,2023-06-07,0
P001,2023-06-08,0
P001,2023-06-09,36
P001,2023-06-10,51
P001,2023-06-11,52
P001,2023-06-12,52
P001,2023-06-13,38
P001,2023-06-14,46
P001,2023-06-15,37
P001,2023-06-16,46
P001,2023-06-17,58
P001,2023-06-18,55
P001,2023-06-19,41
P001,2023-06-20,38
P001,2023-06-21,44
P001,2023-06-22,39
P001,2023-06-23,36
P001,2023-06-24,49
P001,2023-06-25,57
P001,2023-06-26,50
P001,2023-06-27,43
P001,2023-06-28,41
P001,2023-06-29,43
P001,2023-06-30,48
P001,2023-07-01,57
P001,2023-07-02,54
P001,2023-07-03,47
P001,2023-07-04,44
P001,2023-07-05,50
P001,2023-07-06,43
P001,2023-07-07,36
P001,2023-07-08,49
P001,2023-07-09,64
P001,2023-07-10,51
P001,2023-07-11,41
P001,2023-07-12,40
P001,2023-07-13,49
P001,2023-07-14,36
P001,2023-07-15,51
P001,2023-07-16,59
P001,2023-07-17,40
P001,2023-07-18,42
P001,2023-07-19,41
P001,2023-07-20,44
P001,2023-07-21,49
P001,2023-07-22,56
P001,2023-07-23,59
P001,2023-07-24,32
P001,2023-07-25,42
P001,2023-07-26,38
P001,2023-07-27,36
P001,2023-07-28,38
P001,2023-07-29,54
P001,2023-07-30,61
P001,2023-07-31,35
P001,2023-08-01,42
P001,2023-08-02,40
P001,2023-08-03,41
P001,2023-08-04,47
P001,2023-08-05,59
P001,2023-08-06,63
P001,2023-08-07,41
P001,2023-08-08,9999
P001,2023-08-09,41
P001,2023-08-10,43
P001,2023-08-11,43
P001,2023-08-12,51
P001,2023-08-13,57
P001,2023-08-14,43
P001,2023-08-15,55
P001,2023-08-16,52
P001,2023-08-17,38
P001,2023-08-18,41
P001,2023-08-19,49
P001,2023-08-20,53
P001,2023-08-21,44
P001,2023-08-22,48
P001,2023-08-23,39
P001,2023-08-24,39
P001,2023-08-25,32
P001,2023-08-26,56
P001,2023-08-27,51
P001,2023-08-28,40
P001,2023-08-29,38
P001,2023-08-30,42
P001,2023-08-31,34
P001,2023-09-01,35
P001,2023-09-02,67
P001,2023-09-03,50
P001,2023-09-04,37
P001,2023-09-05,52
P001,2023-09-06,57
P001,2023-09-07,37
P001,2023-09-08,41
P001,2023-09-09,58
P001,2023-09-10,65
P001,2023-09-11,38
P001,2023-09-12,41
P001,2023-09-13,46
P001,2023-09-14,45
P001,2023-09-15,41
P001,2023-09-16,56
P001,2023-09-17,50
P001,2023-09-18,41
P001,2023-09-19,41
P001,2023-09-20,44
P001,2023-09-21,40
P001,2023-09-22,45
P001,2023-09-23,62
P001,2023-09-24,57
P001,2023-09-25,44
P001,2023-09-26,43
P001,2023-09-27,43
P001,2023-09-28,39
P001,2023-09-29,44
P001,2023-09-30,56
P001,2023-10-01,67
P001,2023-10-02,51
P001,2023-10-03,45
P001,2023-10-04,39
P001,2023-10-05,37
P001,2023-10-06,49
P001,2023-10-07,58
P001,2023-10-08,59
P001,2023-10-09,34
P001,2023-10-10,47
P001,2023-10-11,45
P001,2023-10-12,37
P001,2023-10-13,40
P001,2023-10-14,58
P001,2023-10-15,57
P001,2023-10-16,41
P001,2023-10-17,42
P001,2023-10-18,42
P001,2023-10-19,44
P001,2023-10-20,50
P001,2023-10-21,44
P001,2023-10-22,56
P001,2023-10-23,44
P001,2023-10-24,44
P001,2023-10-25,41
P001,2023-10-26,34
P001,2023-10-27,45
P001,2023-10-28,66
P001,2023-10-29,49
P001,2023-10-30,47
P001,2023-10-31,41
P001,2023-11-01,43
P001,2023-11-02,38
P001,2023-11-03,41
P001,2023-11-04,64
P001,2023-11-05,60
P001,2023-11-06,52
P001,2023-11-07,49
P001,2023-11-08,45
P001,2023-11-09,52
P001,2023-11-10,45
P001,2023-11-11,61
P001,2023-11-12,56
P001,2023-11-13,43
P001,2023-11-14,40
P001,2023-11-15,48
P001,2023-11-16,37
P001,2023-11-17,47
P001,2023-11-18,56
P001,2023-11-19,63
P001,2023-11-20,47
P001,2023-11-21,52
P001,2023-11-22,47
P001,2023-11-23,35
P001,2023-11-24,43
P001,2023-11-25,51
P001,2023-11-26,55
P001,2023-11-27,51
P001,2023-11-28,46
P001,2023-11-29,40
P001,2023-11-30,38
P001,2023-12-01,44
P001,2023-12-02,51
P001,2023-12-03,54
P001,2023-12-04,45
P001,2023-12-05,49
P001,2023-12-06,46
P001,2023-12-07,32
P001,2023-12-08,45
P001,2023-12-09,58
P001,2023-12-10,59
P001,2023-12-11,52
P001,2023-12-12,33
P001,2023-12-13,41
P001,2023-12-14,46
P001,2023-12-15,36
P001,2023-12-16,65
P001,2023-12-17,59
P001,2023-12-18,48
P001,2023-12-19,41
P001,2023-12-20,48
P001,2023-12-21,49
P001,2023-12-22,45
P001,2023-12-23,59
P001,2023-12-24,59
P001,2023-12-25,39
P001,2023-12-26,43
P001,2023-12-27,43
P001,2023-12-28,46
P001,2023-12-29,49
P001,2023-12-30,52
P001,2023-12-31,57
P001,2024-01-01,51
P001,2024-01-02,40
P001,2024-01-03,40
P001,2024-01-04,45
P001,2024-01-05,48
P001,2024-01-06,58
P001,2024-01-07,64
P001,2024-01-08,48
P001,2024-01-09,48
P001,2024-01-10,47
P001,2024-01-11,55
P001,2024-01-12,43
P001,2024-01-13,48
P001,2024-01-14,66
P001,2024-01-15,42
P001,2024-01-16,44
P001,2024-01-17,50
P001,2024-01-18,36
P001,2024-01-19,38
P001,2024-01-20,50
P001,2024-01-21,54
P001,2024-01-22,46
P001,2024-01-23,46
P001,2024-01-24,45
P001,2024-01-25,37
P001,2024-01-26,32
P001,2024-01-27,58
P001,2024-01-28,56
P001,2024-01-29,46
P001,2024-01-30,47
P001,2024-01-31,45
P001,2024-02-01,48
P001,2024-02-02,45
P001,2024-02-03,61
P001,2024-02-04,54
P001,2024-02-05,43
P001,2024-02-06,45
P001,2024-02-07,48
P001,2024-02-08,42
P001,2024-02-09,47
P001,2024-02-10,57
P001,2024-02-11,57
P001,2024-02-12,48
P001,2024-02-13,34
P001,2024-02-14,38
P001,2024-02-15,37
P001,2024-02-16,32
P001,2024-02-17,55
P001,2024-02-18,62
P001,2024-02-19,43
P001,2024-02-20,45
P001,2024-02-21,50
P001,2024-02-22,51
P001,2024-02-23,44
P001,2024-02-24,65
P001,2024-02-25,59
P001,2024-02-26,40
P001,2024-02-27,41
P001,2024-02-28,37
P001,2024-02-29,40
P001,2024-03-01,42
P001,2024-03-02,62
P001,2024-03-03,67
P001,2024-03-04,37
P001,2024-03-05,46
P001,2024-03-06,39
P001,2024-03-07,47
P001,2024-03-08,44
P001,2024-03-09,49
P001,2024-03-10,63
P001,2024-03-11,41
P001,2024-03-12,42
P001,2024-03-13,39
P001,2024-03-14,41
P001,2024-03-15,47
P001,2024-03-16,57
P001,2024-03-17,60
P001,2024-03-18,46
P001,2024-03-19,51
P001,2024-03-20,43
P001,2024-03-21,37
P001,2024-03-22,50
P001,2024-03-23,57
P001,2024-03-24,64
P001,2024-03-25,46
P001,2024-03-26,44
P001,2024-03-27,46
P001,2024-03-28,54
P001,2024-03-29,55
P001,2024-03-30,59
P001,2024-03-31,59
P001,2024-04-01,50
P001,2024-04-02,40
P001,2024-04-03,46
P001,2024-04-04,44
P001,2024-04-05,46
P001,2024-04-06,54
P001,2024-04-07,51
P001,2024-04-08,34
P001,2024-04-09,39
P001,2024-04-10,42
P001,2024-04-11,43
P001,2024-04-12,54
P001,2024-04-13,64
P001,2024-04-14,54
P001,2024-04-15,46
P001,2024-04-16,43
P001,2024-04-17,43
P001,2024-04-18,46
P001,2024-04-19,48
P001,2024-04-20,57
P001,2024-04-21,64
P001,2024-04-22,39
P001,2024-04-23,45
P001,2024-04-24,58
P001,2024-04-25,46
P001,2024-04-26,52
P001,2024-04-27,59
P001,2024-04-28,62
P001,2024-04-29,45
P001,2024-04-30,44
P001,2024-05-01,41
P001,2024-05-02,47
P001,2024-05-03,41
P001,2024-05-04,62
P001,2024-05-05,64
P001,2024-05-06,47
P001,2024-05-07,43
P001,2024-05-08,47
P001,2024-05-09,43
P001,2024-05-10,50
P001,2024-05-11,50
P001,2024-05-12,57
P001,2024-05-13,35
P001,2024-05-14,38
P001,2024-05-15,52
P001,2024-05-16,49
P001,2024-05-17,41
P001,2024-05-18,52
P001,2024-05-19,44
P001,2024-05-20,42
P001,2024-05-21,57
P001,2024-05-22,47
P001,2024-05-23,42
P001,2024-05-24,47
P001,2024-05-25,51
P001,2024-05-26,58
P001,2024-05-27,46
P001,2024-05-28,45
P001,2024-05-29,49
P001,2024-05-30,47
P001,2024-05-31,49
P001,2024-06-01,56
P001,2024-06-02,64
P001,2024-06-03,53
P001,2024-06-04,40
P001,2024-06-05,41
P001,2024-06-06,52
P001,2024-06-07,44
P001,2024-06-08,66
P001,2024-06-09,57
P001,2024-06-10,53
P001,2024-06-11,46
P001,2024-06-12,47
P001,2024-06-13,53
P001,2024-06-14,43
P001,2024-06-15,55
P001,2024-06-16,57
P001,2024-06-17,48
P001,2024-06-18,38
P001,2024-06-19,49
P001,2024-06-20,43
P001,2024-06-21,51
P001,2024-06-22,47
P001,2024-06-23,55
P001,2024-06-24,37
P001,2024-06-25,41
P001,2024-06-26,47
P001,2024-06-27,45
P001,2024-06-28,44
P001,2024-06-29,59
P001,2024-06-30,60
P001,2024-07-01,40
P001,2024-07-02,490
P001,2024-07-03,49
P001,2024-07-04,47
P001,2024-07-05,48
P001,2024-07-06,61
P001,2024-07-07,70
P001,2024-07-08,45
P001,2024-07-09,44
P001,2024-07-10,42
P001,2024-07-11,40
P001,2024-07-12,39
P001,2024-07-13,55
P001,2024-07-14,59
P001,2024-07-15,47
P001,2024-07-16,46
P001,2024-07-17,42
P001,2024-07-18,50
P001,2024-07-19,49
P001,2024-07-20,59
P001,2024-07-21,56
P001,2024-07-22,48
P001,2024-07-23,47
P001,2024-07-24,38
P001,2024-07-25,45
P001,2024-07-26,47
P001,2024-07-27,55
P001,2024-07-28,61
P001,2024-07-29,38
P001,2024-07-30,52
P001,2024-07-31,52
P001,2024-08-01,45
P001,2024-08-02,48
P001,2024-08-03,48
P001,2024-08-04,54
P001,2024-08-05,44
P001,2024-08-06,40
P001,2024-08-07,49
P001,2024-08-08,56
P001,2024-08-09,40
P001,2024-08-10,56
P001,2024-08-11,61
P001,2024-08-12,54
P001,2024-08-13,40
P001,2024-08-14,47
P001,2024-08-15,55
P001,2024-08-16,38
P001,2024-08-17,54
P001,2024-08-18,58
P001,2024-08-19,43
P001,2024-08-20,50
P001,2024-08-21,47
P001,2024-08-22,37
P001,2024-08-23,49
P001,2024-08-24,57
P001,2024-08-25,66
P001,2024-08-26,43
P001,2024-08-27,43
P001,2024-08-28,49
P001,2024-08-29,50
P001,2024-08-30,48
P001,2024-08-31,52
P001,2024-09-03,47
P001,2024-09-04,39
P001,2024-09-05,48
P001,2024-09-06,42
P001,2024-09-07,54
P001,2024-09-08,64
P001,2024-09-09,47
P001,2024-09-10,43
P001,2024-09-11,53
P001,2024-09-12,44
P001,2024-09-13,46
P001,2024-09-14,62
P001,2024-09-15,57
P001,2024-09-16,49
P001,2024-09-17,44
P001,2024-09-18,44
P001,2024-09-19,53
P001,2024-09-20,41
P001,2024-09-21,48
P001,2024-09-22,68
P001,2024-09-23,59
P001,2024-09-24,44
P001,2024-09-25,37
P001,2024-09-26,45
P001,2024-09-27,45
P001,2024-09-28,59
P001,2024-09-29,55
P001,2024-09-30,49
P001,2024-10-01,49
P001,2024-10-02,39
P001,2024-10-03,50
P001,2024-10-04,57
P001,2024-10-05,61
P001,2024-10-06,59
P001,2024-10-07,46
P001,2024-10-08,50
P001,2024-10-09,38
P001,2024-10-10,47
P001,2024-10-11,45
P001,2024-10-12,70
P001,2024-10-13,60
P001,2024-10-14,55
P001,2024-10-15,41
P001,2024-10-16,49
P001,2024-10-17,48
P001,2024-10-18,42
P001,2024-10-19,61
P001,2024-10-20,67
P001,2024-10-21,45
P001,2024-10-22,38
P001,2024-10-23,47
P001,2024-10-24,42
P001,2024-10-25,45
P001,2024-10-26,60
P001,2024-10-27,52
P001,2024-10-28,39
P001,2024-10-29,49
P001,2024-10-30,44
P001,2024-10-31,34
P001,2024-11-01,53
P001,2024-11-02,66
P001,2024-11-03,62
P001,2024-11-04,47
P001,2024-11-05,60
P001,2024-11-06,59
P001,2024-11-07,72
P001,2024-11-08,63
P001,2024-11-09,79
P001,2024-11-10,78
P001,2024-11-11,71
P001,2024-11-12,72
P001,2024-11-13,76
P001,2024-11-14,69
P001,2024-11-15,45
P001,2024-11-16,58
P001,2024-11-17,65
P001,2024-11-18,54
P001,2024-11-19,45
P001,2024-11-20,45
P001,2024-11-21,48
P001,2024-11-22,46
P001,2024-11-23,66
P001,2024-11-24,50
P001,2024-11-25,43
P001,2024-11-26,43
P001,2024-11-27,35
P001,2024-11-28,42
P001,2024-11-29,42
P001,2024-11-30,60
P001,2024-12-01,67
P001,2024-12-02,46
P001,2024-12-03,42
P001,2024-12-04,47
P001,2024-12-05,52
P001,2024-12-06,42
P001,2024-12-07,57
P001,2024-12-08,64
P001,2024-12-09,46
P001,2024-12-10,50
P001,2024-12-11,47
P001,2024-12-12,51
P001,2024-12-13,42
P001,2024-12-14,61
P001,2024-12-15,60
P001,2024-12-16,41
P001,2024-12-17,39
P001,2024-12-18,51
P001,2024-12-19,45
P001,2024-12-20,42
P001,2024-12-21,61
P001,2024-12-22,67
P001,2024-12-23,36
P001,2024-12-24,40
P001,2024-12-25,43
P001,2024-12-26,55
P001,2024-12-27,49
P001,2024-12-28,65
P001,2024-12-29,56
P001,2024-12-30,42
P001,2024-12-31,50
P002,2023-01-01,34
P002,2023-01-02,27
P002,2023-01-03,24
P002,2023-01-04,26
P002,2023-01-05,26
P002,2023-01-06,28
P002,2023-01-07,37
P002,2023-01-08,27
P002,2023-01-09,16
P002,2023-01-10,29
P002,2023-01-11,30
P002,2023-01-12,21
P002,2023-01-13,18
P002,2023-01-14,34
P002,2023-01-15,38
P002,2023-01-16,32
P002,2023-01-17,27
P002,2023-01-18,24
P002,2023-01-19,22
P002,2023-01-20,25
P002,2023-01-21,33
P002,2023-01-22,30
P002,2023-01-23,34
P002,2023-01-24,33
P002,2023-01-25,30
P002,2023-01-26,22
P002,2023-01-27,29
P002,2023-01-28,37
P002,2023-01-29,36
P002,2023-01-30,31
P002,2023-01-31,28
P002,2023-02-01,29
P002,2023-02-02,28
P002,2023-02-03,27
P002,2023-02-04,27
P002,2023-02-05,35
P002,2023-02-06,23
P002,2023-02-07,21
P002,2023-02-08,32
P002,2023-02-09,33
P002,2023-02-10,31
P002,2023-02-11,36
P002,2023-02-12,40
P002,2023-02-13,26
P002,2023-02-14,27
P002,2023-02-15,22
P002,2023-02-16,28
P002,2023-02-17,26
P002,2023-02-18,29
P002,2023-02-19,35
P002,2023-02-20,26
P002,2023-02-21,33
P002,2023-02-22,30
P002,2023-02-23,26
P002,2023-02-24,27
P002,2023-02-25,35
P002,2023-02-26,34
P002,2023-02-27,22
P002,2023-02-28,26
P002,2023-03-01,23
P002,2023-03-02,21
P002,2023-03-03,28
P002,2023-03-04,37
P002,2023-03-05,28
P002,2023-03-06,26
P002,2023-03-07,30
P002,2023-03-08,31
P002,2023-03-09,30
P002,2023-03-10,27
P002,2023-03-11,32
P002,2023-03-12,31
P002,2023-03-13,28
P002,2023-03-14,28
P002,2023-03-15,32
P002,2023-03-16,31
P002,2023-03-17,26
P002,2023-03-18,30
P002,2023-03-19,34
P002,2023-03-20,27
P002,2023-03-21,26
P002,2023-03-22,24
P002,2023-03-23,28
P002,2023-03-24,25
P002,2023-03-25,33
P002,2023-03-26,37
P002,2023-03-27,25
P002,2023-03-28,28
P002,2023-03-29,28
P002,2023-03-30,22
P002,2023-03-31,25
P002,2023-04-01,41
P002,2023-04-02,31
P002,2023-04-03,18
P002,2023-04-04,19
P002,2023-04-05,27
P002,2023-04-06,27
P002,2023-04-07,26
P002,2023-04-08,41
P002,2023-04-09,25
P002,2023-04-10,29
P002,2023-04-11,33
P002,2023-04-12,23
P002,2023-04-13,26
P002,2023-04-14,24
P002,2023-04-15,32
P002,2023-04-16,35
P002,2023-04-17,33
P002,2023-04-18,34
P002,2023-04-19,26
P002,2023-04-20,35
P002,2023-04-21,27
P002,2023-04-22,43
P002,2023-04-23,36
P002,2023-04-24,28
P002,2023-04-25,29
P002,2023-04-26,40
P002,2023-04-27,31
P002,2023-04-28,25
P002,2023-04-29,40
P002,2023-04-30,35
P002,2023-05-01,25
P002,2023-05-02,31
P002,2023-05-03,28
P002,2023-05-04,29
P002,2023-05-05,28
P002,2023-05-06,38
P002,2023-05-07,38
P002,2023-05-08,20
P002,2023-05-09,30
P002,2023-05-10,24
P002,2023-05-11,22
P002,2023-05-12,27
P002,2023-05-13,37
P002,2023-05-14,34
P002,2023-05-15,31
P002,2023-05-16,22
P002,2023-05-17,26
P002,2023-05-18,25
P002,2023-05-19,28
P002,2023-05-20,38
P002,2023-05-21,33
P002,2023-05-22,31
P002,2023-05-23,28
P002,2023-05-24,20
P002,2023-05-25,20
P002,2023-05-26,28
P002,2023-05-27,36
P002,2023-05-28,36
P002,2023-05-29,28
P002,2023-05-30,29
P002,2023-05-31,32
P002,2023-06-01,24
P002,2023-06-02,23
P002,2023-06-03,32
P002,2023-06-04,38
P002,2023-06-05,33
P002,2023-06-06,26
P002,2023-06-07,18
P002,2023-06-08,21
P002,2023-06-09,25
P002,2023-06-10,35
P002,2023-06-11,35
P002,2023-06-12,28
P002,2023-06-13,27
P002,2023-06-14,32
P002,2023-06-15,26
P002,2023-06-16,25
P002,2023-06-17,39
P002,2023-06-18,31
P002,2023-06-19,30
P002,2023-06-20,29
P002,2023-06-21,28
P002,2023-06-22,35
P002,2023-06-23,26
P002,2023-06-24,45
P002,2023-06-25,36
P002,2023-06-26,23
P002,2023-06-27,29
P002,2023-06-28,24
P002,2023-06-29,26
P002,2023-06-30,30
P002,2023-07-01,40
P002,2023-07-02,35
P002,2023-07-03,33
P002,2023-07-04,33
P002,2023-07-05,34
P002,2023-07-06,31
P002,2023-07-07,34
P002,2023-07-08,30
P002,2023-07-09,36
P002,2023-07-10,25
P002,2023-07-11,29
P002,2023-07-12,27
P002,2023-07-13,28
P002,2023-07-14,36
P002,2023-07-15,37
P002,2023-07-16,39
P002,2023-07-17,28
P002,2023-07-18,29
P002,2023-07-19,29
P002,2023-07-20,31
P002,2023-07-21,34
P002,2023-07-22,44
P002,2023-07-23,39
P002,2023-07-24,31
P002,2023-07-25,24
P002,2023-07-26,29
P002,2023-07-27,33
P002,2023-07-28,33
P002,2023-07-29,39
P002,2023-07-30,41
P002,2023-07-31,31
P002,2023-08-01,34
P002,2023-08-02,30
P002,2023-08-03,28
P002,2023-08-04,31
P002,2023-08-05,26
P002,2023-08-06,40
P002,2023-08-07,15
P002,2023-08-08,22
P002,2023-08-09,31
P002,2023-08-10,31
P002,2023-08-11,25
P002,2023-08-12,35
P002,2023-08-13,44
P002,2023-08-14,28
P002,2023-08-15,38
P002,2023-08-16,30
P002,2023-08-17,31
P002,2023-08-18,36
P002,2023-08-19,39
P002,2023-08-20,34
P002,2023-08-21,29
P002,2023-08-22,30
P002,2023-08-23,24
P002,2023-08-24,29
P002,2023-08-25,27
P002,2023-08-26,42
P002,2023-08-27,39
P002,2023-08-28,29
P002,2023-08-29,29
P002,2023-08-30,31
P002,2023-08-31,32
P002,2023-09-01,26
P002,2023-09-02,34
P002,2023-09-03,43
P002,2023-09-04,28
P002,2023-09-05,24
P002,2023-09-06,32
P002,2023-09-07,32
P002,2023-09-08,24
P002,2023-09-09,40
P002,2023-09-10,42
P002,2023-09-11,32
P002,2023-09-12,33
P002,2023-09-13,25
P002,2023-09-14,32
P002,2023-09-15,29
P002,2023-09-16,37
P002,2023-09-17,43
P002,2023-09-18,36
P002,2023-09-19,342
P002,2023-09-20,36
P002,2023-09-21,30
P002,2023-09-22,32
P002,2023-09-23,42
P002,2023-09-24,40
P002,2023-09-25,31
P002,2023-09-26,34
P002,2023-09-27,31
P002,2023-09-28,28
P002,2023-09-29,29
P002,2023-09-30,43
P002,2023-10-01,40
P002,2023-10-02,33
P002,2023-10-03,34
P002,2023-10-04,30
P002,2023-10-05,35
P002,2023-10-06,34
P002,2023-10-07,36
P002,2023-10-08,47
P002,2023-10-09,31
P002,2023-10-10,27
P002,2023-10-11,30
P002,2023-10-12,30
P002,2023-10-13,35
P002,2023-10-14,43
P002,2023-10-15,43
P002,2023-10-16,39
P002,2023-10-17,38
P002,2023-10-18,39
P002,2023-10-19,40
P002,2023-10-20,41
P002,2023-10-21,40
P002,2023-10-22,48
P002,2023-10-23,33
P002,2023-10-24,43
P002,2023-10-25,43
P002,2023-10-26,49
P002,2023-10-27,50
P002,2023-10-28,56
P002,2023-10-29,55
P002,2023-10-30,51
P002,2023-10-31,48
P002,2023-11-01,52
P002,2023-11-02,57
P002,2023-11-03,52
P002,2023-11-04,68
P002,2023-11-05,69
P002,2023-11-06,55
P002,2023-11-07,64
P002,2023-11-08,64
P002,2023-11-09,63
P002,2023-11-10,61
P002,2023-11-11,71
P002,2023-11-12,73
P002,2023-11-13,70
P002,2023-11-14,65
P002,2023-11-15,72
P002,2023-11-16,66
P002,2023-11-17,71
P002,2023-11-18,82
P002,2023-11-19,92
P002,2023-11-20,69
P002,2023-11-21,81
P002,2023-11-22,76
P002,2023-11-23,78
P002,2023-11-24,77
P002,2023-11-25,87
P002,2023-11-26,85
P002,2023-11-27,82
P002,2023-11-28,75
P002,2023-11-29,81
P002,2023-11-30,73
P002,2023-12-01,75
P002,2023-12-02,79
P002,2023-12-03,85
P002,2023-12-04,79
P002,2023-12-05,72
P002,2023-12-06,71
P002,2023-12-07,66
P002,2023-12-08,68
P002,2023-12-09,71
P002,2023-12-10,72
P002,2023-12-11,67
P002,2023-12-12,70
P002,2023-12-13,75
P002,2023-12-14,60
P002,2023-12-15,66
P002,2023-12-16,69
P002,2023-12-17,66
P002,2023-12-18,58
P002,2023-12-19,56
P002,2023-12-20,54
P002,2023-12-21,51
P002,2023-12-22,46
P002,2023-12-23,53
P002,2023-12-24,60
P002,2023-12-25,88888
P002,2023-12-26,44
P002,2023-12-27,46
P002,2023-12-28,48
P002,2023-12-29,44
P002,2023-12-30,49
P002,2023-12-31,56
P002,2024-01-01,39
P002,2024-01-02,34
P002,2024-01-03,36
P002,2024-01-04,37
P002,2024-01-05,37
P002,2024-01-06,44
P002,2024-01-07,44
P002,2024-01-08,35
P002,2024-01-09,28
P002,2024-01-10,0
P002,2024-01-11,0
P002,2024-01-12,0
P002,2024-01-13,47
P002,2024-01-14,45
P002,2024-01-15,39
P002,2024-01-16,32
P002,2024-01-17,28
P002,2024-01-18,32
P002,2024-01-19,33
P002,2024-01-20,42
P002,2024-01-21,46
P002,2024-01-22,31
P002,2024-01-23,34
P002,2024-01-24,29
P002,2024-01-25,35
P002,2024-01-26,33
P002,2024-01-27,39
P002,2024-01-28,41
P002,2024-01-29,32
P002,2024-01-30,32
P002,2024-01-31,40
P002,2024-02-01,33
P002,2024-02-02,32
P002,2024-02-03,33
P002,2024-02-04,38
P002,2024-02-05,32
P002,2024-02-06,30
P002,2024-02-07,39
P002,2024-02-08,32
P002,2024-02-09,38
P002,2024-02-10,42
P002,2024-02-11,42
P002,2024-02-12,33
P002,2024-02-13,33
P002,2024-02-14,40
P002,2024-02-15,24
P002,2024-02-16,25
P002,2024-02-17,40
P002,2024-02-18,42
P002,2024-02-19,36
P002,2024-02-20,35
P002,2024-02-21,32
P002,2024-02-22,37
P002,2024-02-23,37
P002,2024-02-24,43
P002,2024-02-25,46
P002,2024-02-26,35
P002,2024-02-27,31
P002,2024-02-28,36
P002,2024-02-29,34
P002,2024-03-01,34
P002,2024-03-02,48
P002,2024-03-03,32
P002,2024-03-04,28
P002,2024-03-05,29
P002,2024-03-06,32
P002,2024-03-07,33
P002,2024-03-08,28
P002,2024-03-09,38
P002,2024-03-10,39
P002,2024-03-11,44
P002,2024-03-12,41
P002,2024-03-13,32
P002,2024-03-14,32
P002,2024-03-15,29
P002,2024-03-16,35
P002,2024-03-17,42
P002,2024-03-18,30
P002,2024-03-19,34
P002,2024-03-20,27
P002,2024-03-21,31
P002,2024-03-22,35
P002,2024-03-23,44
P002,2024-03-24,44
P002,2024-03-25,29
P002,2024-03-26,37
P002,2024-03-27,31
P002,2024-03-28,37
P002,2024-03-29,34
P002,2024-03-30,37
P002,2024-03-31,42
P002,2024-04-01,36
P002,2024-04-02,37
P002,2024-04-03,34
P002,2024-04-04,40
P002,2024-04-05,38
P002,2024-04-06,42
P002,2024-04-07,46
P002,2024-04-08,42
P002,2024-04-09,42
P002,2024-04-10,29
P002,2024-04-11,31
P002,2024-04-12,40
P002,2024-04-13,39
P002,2024-04-14,38
P002,2024-04-15,32
P002,2024-04-16,36
P002,2024-04-17,34
P002,2024-04-18,32
P002,2024-04-19,32
P002,2024-04-20,40
P002,2024-04-21,40
P002,2024-04-22,44
P002,2024-04-23,36
P002,2024-04-24,38
P002,2024-04-25,33
P002,2024-04-26,34
P002,2024-04-27,41
P002,2024-04-28,33
P002,2024-04-29,29
P002,2024-04-30,27
P002,2024-05-01,36
P002,2024-05-02,42
P002,2024-05-03,56
P002,2024-05-04,60
P002,2024-05-05,69
P002,2024-05-06,50
P002,2024-05-07,53
P002,2024-05-08,43
P002,2024-05-09,52
P002,2024-05-10,53
P002,2024-05-11,57
P002,2024-05-12,64
P002,2024-05-13,52
P002,2024-05-14,46
P002,2024-05-15,43
P002,2024-05-16,42
P002,2024-05-17,49
P002,2024-05-18,63
P002,2024-05-19,57
P002,2024-05-20,49
P002,2024-05-21,52
P002,2024-05-22,53
P002,2024-05-23,57
P002,2024-05-24,56
P002,2024-05-25,56
P002,2024-05-26,71
P002,2024-05-27,46
P002,2024-05-28,55
P002,2024-05-29,50
P002,2024-05-30,48
P002,2024-05-31,39
P002,2024-06-01,60
P002,2024-06-02,53
P002,2024-06-03,55
P002,2024-06-04,57
P002,2024-06-05,45
P002,2024-06-06,52
P002,2024-06-06,66
P002,2024-06-07,46
P002,2024-06-08,59
P002,2024-06-09,66
P002,2024-06-10,49
P002,2024-06-11,59
P002,2024-06-12,48
P002,2024-06-13,56
P002,2024-06-14,50
P002,2024-06-15,67
P002,2024-06-16,60
P002,2024-06-17,49
P002,2024-06-18,49
P002,2024-06-19,45
P002,2024-06-20,53
P002,2024-06-21,53
P002,2024-06-22,66
P002,2024-06-23,71
P002,2024-06-24,59
P002,2024-06-25,48
P002,2024-06-26,52
P002,2024-06-27,46
P002,2024-06-28,50
P002,2024-06-29,59
P002,2024-06-30,71
P002,2024-07-01,52
P002,2024-07-02,49
P002,2024-07-03,57
P002,2024-07-04,38
P002,2024-07-05,39
P002,2024-07-06,67
P002,2024-07-07,63
P002,2024-07-08,52
P002,2024-07-09,43
P002,2024-07-10,50
P002,2024-07-11,62
P002,2024-07-12,55
P002,2024-07-13,64
P002,2024-07-14,60
P002,2024-07-15,49
P002,2024-07-16,39
P002,2024-07-17,52
P002,2024-07-18,56
P002,2024-07-19,42
P002,2024-07-20,59
P002,2024-07-21,56
P002,2024-07-22,45
P002,2024-07-23,52
P002,2024-07-24,39
P002,2024-07-25,55
P002,2024-07-26,55
P002,2024-07-27,62
P002,2024-07-28,49
P002,2024-07-29,46
P002,2024-07-30,57
P002,2024-07-31,35
P002,2024-08-01,49
P002,2024-08-02,45
P002,2024-08-03,69
P002,2024-08-04,60
P002,2024-08-05,53
P002,2024-08-06,55
P002,2024-08-07,62
P002,2024-08-08,50
P002,2024-08-09,53
P002,2024-08-10,56
P002,2024-08-11,70
P002,2024-08-12,48
P002,2024-08-13,49
P002,2024-08-14,52
P002,2024-08-15,43
P002,2024-08-16,53
P002,2024-08-17,70
P002,2024-08-18,66
P002,2024-08-19,43
P002,2024-08-20,50
P002,2024-08-21,56
P002,2024-08-22,41
P002,2024-08-23,46
P002,2024-08-24,69
P002,2024-08-25,66
P002,2024-08-26,55
P002,2024-08-27,63
P002,2024-08-28,55
P002,2024-08-29,56
P002,2024-08-30,67
P002,2024-08-31,63
P002,2024-09-01,60
P002,2024-09-02,55
P002,2024-09-03,55
P002,2024-09-04,49
P002,2024-09-05,46
P002,2024-09-06,66
P002,2024-09-07,66
P002,2024-09-08,60
P002,2024-09-09,57
P002,2024-09-10,52
P002,2024-09-11,50
P002,2024-09-12,56
P002,2024-09-13,45
P002,2024-09-14,67
P002,2024-09-15,76
P002,2024-09-16,55
P002,2024-09-17,50
P002,2024-09-18,50
P002,2024-09-19,50
P002,2024-09-20,52
P002,2024-09-21,63
P002,2024-09-22,70
P002,2024-09-23,43
P002,2024-09-24,57
P002,2024-09-25,52
P002,2024-09-26,56
P002,2024-09-27,48
P002,2024-09-28,73
P002,2024-09-29,73
P002,2024-09-30,59
P002,2024-10-01,46
P002,2024-10-02,59
P002,2024-10-03,57
P002,2024-10-04,46
P002,2024-10-05,67
P002,2024-10-06,70
P002,2024-10-07,59
P002,2024-10-08,57
P002,2024-10-09,59
P002,2024-10-10,66
P002,2024-10-11,64
P002,2024-10-12,55
P002,2024-10-13,70
P002,2024-10-14,59
P002,2024-10-15,52
P002,2024-10-16,63
P002,2024-10-17,70
P002,2024-10-18,57
P002,2024-10-19,78
P002,2024-10-20,73
P002,2024-10-21,63
P002,2024-10-22,77
P002,2024-10-23,67
P002,2024-10-24,74
P002,2024-10-25,62
P002,2024-10-26,97
P002,2024-10-27,91
P002,2024-10-28,76
P002,2024-10-29,83
P002,2024-10-30,73
P002,2024-10-31,90
P002,2024-11-01,83
P002,2024-11-02,98
P002,2024-11-03,98
P002,2024-11-04,87
P002,2024-11-05,97
P002,2024-11-06,95
P002,2024-11-07,99
P002,2024-11-08,98
P002,2024-11-09,115
P002,2024-11-10,112
P002,2024-11-11,116
P002,2024-11-12,97
P002,2024-11-13,113
P002,2024-11-14,116
P002,2024-11-15,105
P002,2024-11-16,136
P002,2024-11-17,130
P002,2024-11-18,119
P002,2024-11-19,115
P002,2024-11-20,115
P002,2024-11-21,115
P002,2024-11-22,119
P002,2024-11-23,137
P002,2024-11-24,130
P002,2024-11-25,112
P002,2024-11-26,122
P002,2024-11-27,122
P002,2024-11-28,120
P002,2024-11-29,120
P002,2024-11-30,126
P002,2024-12-01,122
P002,2024-12-02,109
P002,2024-12-03,104
P002,2024-12-04,113
P002,2024-12-05,109
P002,2024-12-06,106
P002,2024-12-07,104
P002,2024-12-08,111
P002,2024-12-09,111
P002,2024-12-10,98
P002,2024-12-11,102
P002,2024-12-12,91
P002,2024-12-13,105
P002,2024-12-14,106
P002,2024-12-15,106
P002,2024-12-16,105
P002,2024-12-17,98
P002,2024-12-18,85
P002,2024-12-19,83
P002,2024-12-20,83
P002,2024-12-21,98
P002,2024-12-22,92
P002,2024-12-23,77
P002,2024-12-24,85
P002,2024-12-25,76
P002,2024-12-26,87
P002,2024-12-27,73
P002,2024-12-28,94
P002,2024-12-29,84
P002,2024-12-30,74
P002,2024-12-31,64
P003,2023-01-01,0
P003,2023-01-02,0
P003,2023-01-03,0
P003,2023-01-04,0
P003,2023-01-05,1
P003,2023-01-06,0
P003,2023-01-07,0
P003,2023-01-08,0
P003,2023-01-09,4
P003,2023-01-10,0
P003,2023-01-11,4
P003,2023-01-12,3
P003,2023-01-13,0
P003,2023-01-14,4
P003,2023-01-15,8
P003,2023-01-16,0
P003,2023-01-17,0
P003,2023-01-18,7
P003,2023-01-19,5
P003,2023-01-20,0
P003,2023-01-21,0
P003,2023-01-22,5
P003,2023-01-23,0
P003,2023-01-24,2
P003,2023-01-25,0
P003,2023-01-26,1
P003,2023-01-27,5
P003,2023-01-28,4
P003,2023-01-29,3
P003,2023-01-30,4
P003,2023-01-31,3
P003,2023-02-01,2
P003,2023-02-02,0
P003,2023-02-03,2
P003,2023-02-04,0
P003,2023-02-05,2
P003,2023-02-06,5
P003,2023-02-07,0
P003,2023-02-08,0
P003,2023-02-09,0
P003,2023-02-10,7
P003,2023-02-11,0
P003,2023-02-12,0
P003,2023-02-13,5
P003,2023-02-14,2
P003,2023-02-15,0
P003,2023-02-16,0
P003,2023-02-17,4
P003,2023-02-18,4
P003,2023-02-19,5
P003,2023-02-20,0
P003,2023-02-21,0
P003,2023-02-22,0
P003,2023-02-23,4
P003,2023-02-24,0
P003,2023-02-25,0
P003,2023-02-26,3
P003,2023-02-27,2
P003,2023-02-28,1
P003,2023-03-01,0
P003,2023-03-02,0
P003,2023-03-03,0
P003,2023-03-04,0
P003,2023-03-05,0
P003,2023-03-06,0
P003,2023-03-07,4
P003,2023-03-08,2
P003,2023-03-09,5
P003,2023-03-10,0
P003,2023-03-11,0
P003,2023-03-12,0
P003,2023-03-13,0
P003,2023-03-14,0
P003,2023-03-15,0
P003,2023-03-16,5
P003,2023-03-17,0
P003,2023-03-18,2
P003,2023-03-19,0
P003,2023-03-20,0
P003,2023-03-21,0
P003,2023-03-22,0
P003,2023-03-23,0
P003,2023-03-24,7
P003,2023-03-25,0
P003,2023-03-26,0
P003,2023-03-27,2
P003,2023-03-28,0
P003,2023-03-29,5
P003,2023-03-30,0
P003,2023-03-31,3
P003,2023-04-01,0
P003,2023-04-02,0
P003,2023-04-03,1
P003,2023-04-04,3
P003,2023-04-05,0
P003,2023-04-06,6
P003,2023-04-07,0
P003,2023-04-08,0
P003,2023-04-09,0
P003,2023-04-10,4
P003,2023-04-11,0
P003,2023-04-12,2
P003,2023-04-13,0
P003,2023-04-14,3
P003,2023-04-15,2
P003,2023-04-16,0
P003,2023-04-17,0
P003,2023-04-18,0
P003,2023-04-19,4
P003,2023-04-20,0
P003,2023-04-21,0
P003,2023-04-22,0
P003,2023-04-23,1
P003,2023-04-24,0
P003,2023-04-25,0
P003,2023-04-26,6
P003,2023-04-27,0
P003,2023-04-28,5
P003,2023-04-29,0
P003,2023-04-30,0
P003,2023-05-01,5
P003,2023-05-02,3
P003,2023-05-03,4
P003,2023-05-04,0
P003,2023-05-05,0
P003,2023-05-06,0
P003,2023-05-07,0
P003,2023-05-08,0
P003,2023-05-09,0
P003,2023-05-13,0
P003,2023-05-14,5
P003,2023-05-15,5
P003,2023-05-16,0
P003,2023-05-17,7
P003,2023-05-18,2
P003,2023-05-19,0
P003,2023-05-20,0
P003,2023-05-21,0
P003,2023-05-22,0
P003,2023-05-23,3
P003,2023-05-24,7
P003,2023-05-25,0
P003,2023-05-26,4
P003,2023-05-27,0
P003,2023-05-28,3
P003,2023-05-29,5
P003,2023-05-30,0
P003,2023-05-31,0
P003,2023-06-01,4
P003,2023-06-02,3
P003,2023-06-03,0
P003,2023-06-04,0
P003,2023-06-05,0
P003,2023-06-06,5
P003,2023-06-07,2
P003,2023-06-08,5
P003,2023-06-09,4
P003,2023-06-10,6
P003,2023-06-11,6
P003,2023-06-12,0
P003,2023-06-13,6
P003,2023-06-14,0
P003,2023-06-15,0
P003,2023-06-16,5
P003,2023-06-17,6
P003,2023-06-18,2
P003,2023-06-19,0
P003,2023-06-20,0
P003,2023-06-21,0
P003,2023-06-22,0
P003,2023-06-23,0
P003,2023-06-24,0
P003,2023-06-25,0
P003,2023-06-26,4
P003,2023-06-27,0
P003,2023-06-28,0
P003,2023-06-29,5
P003,2023-06-30,0
P003,2023-07-01,5
P003,2023-07-02,1
P003,2023-07-03,0
P003,2023-07-04,4
P003,2023-07-05,6
P003,2023-07-06,4
P003,2023-07-07,3
P003,2023-07-08,3
P003,2023-07-09,7
P003,2023-07-10,0
P003,2023-07-11,3
P003,2023-07-12,4
P003,2023-07-13,1
P003,2023-07-14,5
P003,2023-07-15,0
P003,2023-07-16,6
P003,2023-07-17,4
P003,2023-07-18,0
P003,2023-07-19,0
P003,2023-07-20,0
P003,2023-07-21,0
P003,2023-07-22,6
P003,2023-07-23,0
P003,2023-07-24,0
P003,2023-07-25,4
P003,2023-07-26,5
P003,2023-07-27,3
P003,2023-07-28,4
P003,2023-07-29,1
P003,2023-07-30,4
P003,2023-07-31,5
P003,2023-08-01,0
P003,2023-08-02,1
P003,2023-08-03,0
P003,2023-08-04,0
P003,2023-08-05,0
P003,2023-08-06,3
P003,2023-08-07,1
P003,2023-08-08,0
P003,2023-08-09,3
P003,2023-08-10,0
P003,2023-08-11,3
P003,2023-08-12,5
P003,2023-08-13,3
P003,2023-08-14,4
P003,2023-08-15,0
P003,2023-08-16,0
P003,2023-08-17,3
P003,2023-08-18,1
P003,2023-08-19,0
P003,2023-08-20,0
P003,2023-08-21,0
P003,2023-08-22,0
P003,2023-08-23,0
P003,2023-08-24,0
P003,2023-08-25,1
P003,2023-08-26,0
P003,2023-08-27,0
P003,2023-08-28,0
P003,2023-08-29,0
P003,2023-08-30,3
P003,2023-08-31,0
P003,2023-09-01,8
P003,2023-09-02,3
P003,2023-09-03,0
P003,2023-09-04,6
P003,2023-09-05,4
P003,2023-09-06,0
P003,2023-09-07,0
P003,2023-09-08,5
P003,2023-09-09,4
P003,2023-09-10,0
P003,2023-09-11,4
P003,2023-09-12,0
P003,2023-09-13,3
P003,2023-09-14,0
P003,2023-09-15,0
P003,2023-09-16,6
P003,2023-09-17,1
P003,2023-09-18,3
P003,2023-09-19,0
P003,2023-09-20,0
P003,2023-09-21,4
P003,2023-09-22,2
P003,2023-09-23,0
P003,2023-09-24,4
P003,2023-09-25,0
P003,2023-09-26,0
P003,2023-09-27,0
P003,2023-09-28,0
P003,2023-09-29,0
P003,2023-09-30,3
P003,2023-10-01,0
P003,2023-10-02,0
P003,2023-10-03,0
P003,2023-10-04,0
P003,2023-10-05,0
P003,2023-10-06,3
P003,2023-10-07,0
P003,2023-10-08,5
P003,2023-10-09,1
P003,2023-10-10,0
P003,2023-10-11,2
P003,2023-10-12,3
P003,2023-10-13,5
P003,2023-10-14,3
P003,2023-10-15,6
P003,2023-10-16,2
P003,2023-10-17,3
P003,2023-10-18,0
P003,2023-10-19,3
P003,2023-10-20,6
P003,2023-10-21,5
P003,2023-10-22,0
P003,2023-10-23,0
P003,2023-10-24,0
P003,2023-10-25,0
P003,2023-10-26,0
P003,2023-10-27,0
P003,2023-10-28,0
P003,2023-10-29,0
P003,2023-10-30,0
P003,2023-10-31,4
P003,2023-11-01,0
P003,2023-11-02,0
P003,2023-11-03,0
P003,2023-11-04,0
P003,2023-11-05,0
P003,2023-11-06,4
P003,2023-11-07,1
P003,2023-11-08,0
P003,2023-11-09,6
P003,2023-11-10,0
P003,2023-11-11,0
P003,2023-11-12,0
P003,2023-11-13,0
P003,2023-11-14,7
P003,2023-11-15,6
P003,2023-11-16,4
P003,2023-11-17,0
P003,2023-11-18,2
P003,2023-11-19,0
P003,2023-11-20,0
P003,2023-11-21,0
P003,2023-11-22,1
P003,2023-11-23,5
P003,2023-11-24,0
P003,2023-11-25,1
P003,2023-11-26,4
P003,2023-11-27,5
P003,2023-11-28,0
P003,2023-11-29,2
P003,2023-11-30,3
P003,2023-12-01,3
P003,2023-12-02,0
P003,2023-12-03,3
P003,2023-12-04,0
P003,2023-12-05,4
P003,2023-12-06,0
P003,2023-12-07,0
P003,2023-12-08,0
P003,2023-12-09,0
P003,2023-12-10,0
P003,2023-12-11,0
P003,2023-12-12,0
P003,2023-12-13,0
P003,2023-12-14,6
P003,2023-12-15,2
P003,2023-12-16,2
P003,2023-12-17,0
P003,2023-12-18,0
P003,2023-12-19,4
P003,2023-12-20,0
P003,2023-12-21,0
P003,2023-12-22,6
P003,2023-12-23,5
P003,2023-12-24,0
P003,2023-12-25,2
P003,2023-12-26,0
P003,2023-12-27,6
P003,2023-12-28,0
P003,2023-12-29,0
P003,2023-12-30,5
P003,2023-12-31,0
P003,2024-01-01,7
P003,2024-01-02,0
P003,2024-01-03,4
P003,2024-01-04,5
P003,2024-01-05,0
P003,2024-01-06,2
P003,2024-01-07,0
P003,2024-01-08,0
P003,2024-01-09,0
P003,2024-01-10,4
P003,2024-01-11,3
P003,2024-01-12,7
P003,2024-01-13,2
P003,2024-01-14,3
P003,2024-01-15,0
P003,2024-01-16,6
P003,2024-01-17,1
P003,2024-01-18,0
P003,2024-01-19,2
P003,2024-01-20,0
P003,2024-01-21,0
P003,2024-01-22,0
P003,2024-01-23,0
P003,2024-01-24,0
P003,2024-01-25,4
P003,2024-01-26,3
P003,2024-01-27,0
P003,2024-01-28,0
P003,2024-01-29,0
P003,2024-01-30,0
P003,2024-01-31,6
P003,2024-02-01,0
P003,2024-02-02,1
P003,2024-02-03,5
P003,2024-02-04,2
P003,2024-02-05,7
P003,2024-02-06,0
P003,2024-02-07,5
P003,2024-02-08,4
P003,2024-02-09,4
P003,2024-02-10,5
P003,2024-02-11,3
P003,2024-02-12,4
P003,2024-02-13,0
P003,2024-02-14,3
P003,2024-02-15,3
P003,2024-02-16,0
P003,2024-02-17,2
P003,2024-02-18,0
P003,2024-02-19,5
P003,2024-02-20,0
P003,2024-02-21,0
P003,2024-02-22,1
P003,2024-02-23,0
P003,2024-02-24,0
P003,2024-02-25,0
P003,2024-02-26,0
P003,2024-02-27,2
P003,2024-02-28,5
P003,2024-02-29,0
P003,2024-03-01,4
P003,2024-03-02,0
P003,2024-03-03,5
P003,2024-03-04,0
P003,2024-03-05,0
P003,2024-03-06,0
P003,2024-03-07,2
P003,2024-03-08,0
P003,2024-03-09,0
P003,2024-03-10,1
P003,2024-03-11,5
P003,2024-03-12,0
P003,2024-03-13,2
P003,2024-03-14,3
P003,2024-03-15,0
P003,2024-03-16,5
P003,2024-03-17,0
P003,2024-03-18,5
P003,2024-03-19,0
P003,2024-03-20,4
P003,2024-03-21,0
P003,2024-03-22,0
P003,2024-03-23,5
P003,2024-03-24,0
P003,2024-03-25,5
P003,2024-03-26,5
P003,2024-03-27,4
P003,2024-03-28,0
P003,2024-03-29,4
P003,2024-03-30,0
P003,2024-03-31,0
P003,2024-04-01,3
P003,2024-04-02,1
P003,2024-04-03,0
P003,2024-04-04,0
P003,2024-04-05,2
P003,2024-04-06,6
P003,2024-04-07,0
P003,2024-04-08,2
P003,2024-04-09,0
P003,2024-04-10,0
P003,2024-04-11,6
P003,2024-04-12,5
P003,2024-04-13,0
P003,2024-04-14,0
P003,2024-04-15,0
P003,2024-04-16,-5
P003,2024-04-17,0
P003,2024-04-18,0
P003,2024-04-19,4
P003,2024-04-20,0
P003,2024-04-21,3
P003,2024-04-22,0
P003,2024-04-23,1
P003,2024-04-24,0
P003,2024-04-25,0
P003,2024-04-26,0
P003,2024-04-27,3
P003,2024-04-28,2
P003,2024-04-29,0
P003,2024-04-30,0
P003,2024-05-01,2
P003,2024-05-02,0
P003,2024-05-03,0
P003,2024-05-04,4
P003,2024-05-05,0
P003,2024-05-06,0
P003,2024-05-07,0
P003,2024-05-08,0
P003,2024-05-09,0
P003,2024-05-10,2
P003,2024-05-11,3
P003,2024-05-12,0
P003,2024-05-13,4
P003,2024-05-14,0
P003,2024-05-15,3
P003,2024-05-16,0
P003,2024-05-17,3
P003,2024-05-18,0
P003,2024-05-19,0
P003,2024-05-20,0
P003,2024-05-21,0
P003,2024-05-22,0
P003,2024-05-23,4
P003,2024-05-24,3
P003,2024-05-25,0
P003,2024-05-26,7
P003,2024-05-27,1
P003,2024-05-28,6
P003,2024-05-29,2
P003,2024-05-30,4
P003,2024-05-31,0
P003,2024-06-01,5
P003,2024-06-02,4
P003,2024-06-03,0
P003,2024-06-04,0
P003,2024-06-05,0
P003,2024-06-06,2
P003,2024-06-07,0
P003,2024-06-08,4
P003,2024-06-09,2
P003,2024-06-10,2
P003,2024-06-11,0
P003,2024-06-12,5
P003,2024-06-13,5
P003,2024-06-14,0
P003,2024-06-15,6
P003,2024-06-16,0
P003,2024-06-17,5
P003,2024-06-18,0
P003,2024-06-19,0
P003,2024-06-20,0
P003,2024-06-21,0
P003,2024-06-22,0
P003,2024-06-23,3
P003,2024-06-24,0
P003,2024-06-25,0
P003,2024-06-26,1
P003,2024-06-27,6
P003,2024-06-28,0
P003,2024-06-29,2
P003,2024-06-30,0
P003,2024-07-01,5
P003,2024-07-02,0
P003,2024-07-03,8
P003,2024-07-04,5
P003,2024-07-05,4
P003,2024-07-06,7
P003,2024-07-07,4
P003,2024-07-08,0
P003,2024-07-09,3
P003,2024-07-10,5
P003,2024-07-11,5
P003,2024-07-12,0
P003,2024-07-13,0
P003,2024-07-14,4
P003,2024-07-15,0
P003,2024-07-16,0
P003,2024-07-17,0
P003,2024-07-18,5
P003,2024-07-19,0
P003,2024-07-20,0
P003,2024-07-21,0
P003,2024-07-22,7
P003,2024-07-23,3
P003,2024-07-24,0
P003,2024-07-25,0
P003,2024-07-26,4
P003,2024-07-27,0
P003,2024-07-28,3
P003,2024-07-29,0
P003,2024-07-30,2
P003,2024-07-31,0
P003,2024-08-01,6
P003,2024-08-02,0
P003,2024-08-03,8
P003,2024-08-04,2
P003,2024-08-05,1
P003,2024-08-06,0
P003,2024-08-07,0
P003,2024-08-08,5
P003,2024-08-09,4
P003,2024-08-10,0
P003,2024-08-11,0
P003,2024-08-12,0
P003,2024-08-13,6
P003,2024-08-14,10
P003,2024-08-15,5
P003,2024-08-16,5
P003,2024-08-17,0
P003,2024-08-18,0
P003,2024-08-19,0
P003,2024-08-20,2
P003,2024-08-21,0
P003,2024-08-22,0
P003,2024-08-23,0
P003,2024-08-24,0
P003,2024-08-25,3
P003,2024-08-26,0
P003,2024-08-27,0
P003,2024-08-28,4
P003,2024-08-29,0
P003,2024-08-30,0
P003,2024-08-31,0
P003,2024-09-01,1
P003,2024-09-02,0
P003,2024-09-03,3
P003,2024-09-04,4
P003,2024-09-05,1
P003,2024-09-06,0
P003,2024-09-07,4
P003,2024-09-08,0
P003,2024-09-09,0
P003,2024-09-10,0
P003,2024-09-11,0
P003,2024-09-12,0
P003,2024-09-13,0
P003,2024-09-14,0
P003,2024-09-15,0
P003,2024-09-16,4
P003,2024-09-17,3
P003,2024-09-18,0
P003,2024-09-19,5
P003,2024-09-20,0
P003,2024-09-21,0
P003,2024-09-22,0
P003,2024-09-23,0
P003,2024-09-24,0
P003,2024-09-25,0
P003,2024-09-26,0
P003,2024-09-27,0
P003,2024-09-28,0
P003,2024-09-29,0
P003,2024-09-30,0
P003,2024-10-01,0
P003,2024-10-02,0
P003,2024-10-03,0
P003,2024-10-04,0
P003,2024-10-05,0
P003,2024-10-06,7
P003,2024-10-07,0
P003,2024-10-08,0
P003,2024-10-09,0
P003,2024-10-10,5
P003,2024-10-11,5
P003,2024-10-12,6
P003,2024-10-13,4
P003,2024-10-14,0
P003,2024-10-15,3
P003,2024-10-16,0
P003,2024-10-17,4
P003,2024-10-18,0
P003,2024-10-19,0
P003,2024-10-20,5
P003,2024-10-21,0
P003,2024-10-22,2
P003,2024-10-23,0
P003,2024-10-24,4
P003,2024-10-25,4
P003,2024-10-26,0
P003,2024-10-27,3
P003,2024-10-28,5
P003,2024-10-29,6
P003,2024-10-30,0
P003,2024-10-31,0
P003,2024-11-01,3
P003,2024-11-02,0
P003,2024-11-03,0
P003,2024-11-04,0
P003,2024-11-05,4
P003,2024-11-06,0
P003,2024-11-07,5
P003,2024-11-08,7
P003,2024-11-09,0
P003,2024-11-10,0
P003,2024-11-11,9
P003,2024-11-12,0
P003,2024-11-13,3
P003,2024-11-14,3
P003,2024-11-15,2
P003,2024-11-16,0
P003,2024-11-17,3
P003,2024-11-18,4
P003,2024-11-19,0
P003,2024-11-20,5
P003,2024-11-21,2
P003,2024-11-22,2
P003,2024-11-23,0
P003,2024-11-24,0
P003,2024-11-25,0
P003,2024-11-26,0
P003,2024-11-27,0
P003,2024-11-28,3
P003,2024-11-29,0
P003,2024-11-30,2
P003,2024-12-01,0
P003,2024-12-02,0
P003,2024-12-03,0
P003,2024-12-04,0
P003,2024-12-05,10
P003,2024-12-06,1
P003,2024-12-07,3
P003,2024-12-08,0
P003,2024-12-09,2
P003,2024-12-10,0
P003,2024-12-11,3
P003,2024-12-12,0
P003,2024-12-13,0
P003,2024-12-14,0
P003,2024-12-15,0
P003,2024-12-16,0
P003,2024-12-17,5
P003,2024-12-18,3
P003,2024-12-19,8
P003,2024-12-20,0
P003,2024-12-21,2
P003,2024-12-22,0
P003,2024-12-23,0
P003,2024-12-24,0
P003,2024-12-25,0
P003,2024-12-26,3
P003,2024-12-27,0
P003,2024-12-28,0
P003,2024-12-29,5
P003,2024-12-30,0
P003,2024-12-31,2
P004,2023-01-01,81
P004,2023-01-02,53
P004,2023-01-03,63
P004,2023-01-04,57
P004,2023-01-05,71
P004,2023-01-06,60
P004,2023-01-07,67
P004,2023-01-08,83
P004,2023-01-09,71
P004,2023-01-10,69
P004,2023-01-11,70
P004,2023-01-12,53
P004,2023-01-13,65
P004,2023-01-14,76
P004,2023-01-15,82
P004,2023-01-16,52
P004,2023-01-17,55
P004,2023-01-18,55
P004,2023-01-19,64
P004,2023-01-20,64
P004,2023-01-21,82
P004,2023-01-22,72
P004,2023-01-23,57
P004,2023-01-24,54
P004,2023-01-25,64
P004,2023-01-26,66
P004,2023-01-27,65
P004,2023-01-28,75
P004,2023-01-29,63
P004,2023-01-30,48
P004,2023-01-31,67
P004,2023-02-01,56
P004,2023-02-02,54
P004,2023-02-03,68
P004,2023-02-04,87
P004,2023-02-05,79
P004,2023-02-06,56
P004,2023-02-07,57
P004,2023-02-08,59
P004,2023-02-09,68
P004,2023-02-10,61
P004,2023-02-11,83
P004,2023-02-12,86
P004,2023-02-13,51
P004,2023-02-14,62
P004,2023-02-15,56
P004,2023-02-16,43
P004,2023-02-17,45
P004,2023-02-18,72
P004,2023-02-19,82
P004,2023-02-20,58
P004,2023-02-21,59
P004,2023-02-22,69
P004,2023-02-23,50
P004,2023-02-24,57
P004,2023-02-25,80
P004,2023-02-26,74
P004,2023-02-27,57
P004,2023-02-28,48
P004,2023-03-01,66
P004,2023-03-02,53
P004,2023-03-03,69
P004,2023-03-04,78
P004,2023-03-05,84
P004,2023-03-06,56
P004,2023-03-07,57
P004,2023-03-08,53
P004,2023-03-09,57
P004,2023-03-10,59
P004,2023-03-11,73
P004,2023-03-12,77
P004,2023-03-13,53
P004,2023-03-14,70
P004,2023-03-15,56
P004,2023-03-16,66
P004,2023-03-17,55
P004,2023-03-18,79
P004,2023-03-19,69
P004,2023-03-20,53
P004,2023-03-21,57
P004,2023-03-22,66
P004,2023-03-23,57
P004,2023-03-24,64
P004,2023-03-25,81
P004,2023-03-26,87
P004,2023-03-27,55
P004,2023-03-28,70
P004,2023-03-29,53
P004,2023-03-30,51
P004,2023-03-31,48
P004,2023-04-01,90
P004,2023-04-02,81
P004,2023-04-03,53
P004,2023-04-04,63
P004,2023-04-05,59
P004,2023-04-06,67
P004,2023-04-07,46
P004,2023-04-08,75
P004,2023-04-09,73
P004,2023-04-10,43
P004,2023-04-11,61
P004,2023-04-11,72
P004,2023-04-12,53
P004,2023-04-13,59
P004,2023-04-14,69
P004,2023-04-15,74
P004,2023-04-16,73
P004,2023-04-17,55
P004,2023-04-18,61
P004,2023-04-19,51
P004,2023-04-20,51
P004,2023-04-21,61
P004,2023-04-22,78
P004,2023-04-23,63
P004,2023-04-24,47
P004,2023-04-25,63
P004,2023-04-26,57
P004,2023-04-27,50
P004,2023-04-28,53
P004,2023-04-29,75
P004,2023-04-30,79
P004,2023-05-01,46
P004,2023-05-02,49
P004,2023-05-03,56
P004,2023-05-04,53
P004,2023-05-05,57
P004,2023-05-06,67
P004,2023-05-07,77
P004,2023-05-08,60
P004,2023-05-09,57
P004,2023-05-10,54
P004,2023-05-11,53
P004,2023-05-12,48
P004,2023-05-13,74
P004,2023-05-14,82
P004,2023-05-15,53
P004,2023-05-16,48
P004,2023-05-17,50
P004,2023-05-18,54
P004,2023-05-19,51
P004,2023-05-20,77
P004,2023-05-21,77
P004,2023-05-22,58
P004,2023-05-23,61
P004,2023-05-24,59
P004,2023-05-25,47
P004,2023-05-26,47
P004,2023-05-27,73
P004,2023-05-28,71
P004,2023-05-29,46
P004,2023-05-30,50
P004,2023-05-31,50
P004,2023-06-01,48
P004,2023-06-02,51
P004,2023-06-03,80
P004,2023-06-04,74
P004,2023-06-05,67
P004,2023-06-06,53
P004,2023-06-07,50
P004,2023-06-08,52
P004,2023-06-09,54
P004,2023-06-10,76
P004,2023-06-11,85
P004,2023-06-12,47
P004,2023-06-13,57
P004,2023-06-14,53
P004,2023-06-15,42
P004,2023-06-16,56
P004,2023-06-17,80
P004,2023-06-18,67
P004,2023-06-19,51
P004,2023-06-20,41
P004,2023-06-21,44
P004,2023-06-22,58
P004,2023-06-23,49
P004,2023-06-24,66
P004,2023-06-25,74
P004,2023-06-26,48
P004,2023-06-27,48
P004,2023-06-28,56
P004,2023-06-29,44
P004,2023-06-30,46
P004,2023-07-01,73
P004,2023-07-02,78
P004,2023-07-03,58
P004,2023-07-04,47
P004,2023-07-05,56
P004,2023-07-06,46
P004,2023-07-07,62
P004,2023-07-08,65
P004,2023-07-09,80
P004,2023-07-10,47
P004,2023-07-11,63
P004,2023-07-12,54
P004,2023-07-13,44
P004,2023-07-14,47
P004,2023-07-15,76
P004,2023-07-16,78
P004,2023-07-17,50
P004,2023-07-18,50
P004,2023-07-19,55
P004,2023-07-20,51
P004,2023-07-21,42
P004,2023-07-22,66
P004,2023-07-23,72
P004,2023-07-24,57
P004,2023-07-25,59
P004,2023-07-26,54
P004,2023-07-27,51
P004,2023-07-28,54
P004,2023-07-29,67
P004,2023-07-30,70
P004,2023-07-31,45
P004,2023-08-01,42
P004,2023-08-02,51
P004,2023-08-03,50
P004,2023-08-04,53
P004,2023-08-05,73
P004,2023-08-06,72
P004,2023-08-07,52
P004,2023-08-08,49
P004,2023-08-09,51
P004,2023-08-10,45
P004,2023-08-11,51
P004,2023-08-12,74
P004,2023-08-13,66
P004,2023-08-14,49
P004,2023-08-15,45
P004,2023-08-16,45
P004,2023-08-17,42
P004,2023-08-18,56
P004,2023-08-19,76
P004,2023-08-20,73
P004,2023-08-21,60
P004,2023-08-22,47
P004,2023-08-23,66
P004,2023-08-24,47
P004,2023-08-25,50
P004,2023-08-26,67
P004,2023-08-27,71
P004,2023-08-28,53
P004,2023-08-29,47
P004,2023-08-30,59
P004,2023-08-31,49
P004,2023-09-01,49
P004,2023-09-02,63
P004,2023-09-03,71
P004,2023-09-04,47
P004,2023-09-05,44
P004,2023-09-06,43
P004,2023-09-07,64
P004,2023-09-08,46
P004,2023-09-09,60
P004,2023-09-10,64
P004,2023-09-11,47
P004,2023-09-12,51
P004,2023-09-13,51
P004,2023-09-14,51
P004,2023-09-15,43
P004,2023-09-16,70
P004,2023-09-17,63
P004,2023-09-18,43
P004,2023-09-19,41
P004,2023-09-20,40
P004,2023-09-21,53
P004,2023-09-22,51
P004,2023-09-23,74
P004,2023-09-24,68
P004,2023-09-25,51
P004,2023-09-26,36
P004,2023-09-27,52
P004,2023-09-28,48
P004,2023-09-29,50
P004,2023-09-30,70
P004,2023-10-01,40
P004,2023-10-02,24
P004,2023-10-03,27
P004,2023-10-04,32
P004,2023-10-05,32
P004,2023-10-06,25
P004,2023-10-07,40
P004,2023-10-08,41
P004,2023-10-09,29
P004,2023-10-10,25
P004,2023-10-11,24
P004,2023-10-12,27
P004,2023-10-13,30
P004,2023-10-14,39
P004,2023-10-15,43
P004,2023-10-16,34
P004,2023-10-17,25
P004,2023-10-18,29
P004,2023-10-19,34
P004,2023-10-20,28
P004,2023-10-21,41
P004,2023-10-22,47
P004,2023-10-23,28
P004,2023-10-24,34
P004,2023-10-25,31
P004,2023-10-26,28
P004,2023-10-27,31
P004,2023-10-28,44
P004,2023-10-29,47
P004,2023-10-30,27
P004,2023-10-31,29
P004,2023-11-01,29
P004,2023-11-02,32
P004,2023-11-03,25
P004,2023-11-04,47
P004,2023-11-05,44
P004,2023-11-06,24
P004,2023-11-07,34
P004,2023-11-08,38
P004,2023-11-09,32
P004,2023-11-10,34
P004,2023-11-11,43
P004,2023-11-12,36
P004,2023-11-13,21
P004,2023-11-14,30
P004,2023-11-15,27
P004,2023-11-16,25
P004,2023-11-17,29
P004,2023-11-18,45
P004,2023-11-19,36
P004,2023-11-20,0
P004,2023-11-21,0
P004,2023-11-22,0
P004,2023-11-23,0
P004,2023-11-24,0
P004,2023-11-25,44
P004,2023-11-26,46
P004,2023-11-27,31
P004,2023-11-28,32
P004,2023-11-29,23
P004,2023-11-30,32
P004,2023-12-01,25
P004,2023-12-02,43
P004,2023-12-03,43
P004,2023-12-04,30
P004,2023-12-05,29
P004,2023-12-06,25
P004,2023-12-07,23
P004,2023-12-08,31
P004,2023-12-09,42
P004,2023-12-10,46
P004,2023-12-11,28
P004,2023-12-12,22
P004,2023-12-13,31
P004,2023-12-14,26
P004,2023-12-15,29
P004,2023-12-16,39
P004,2023-12-17,47
P004,2023-12-18,24
P004,2023-12-19,26
P004,2023-12-20,28
P004,2023-12-21,23
P004,2023-12-22,29
P004,2023-12-23,47
P004,2023-12-24,39
P004,2023-12-25,29
P004,2023-12-26,17
P004,2023-12-27,27
P004,2023-12-28,26
P004,2023-12-29,24
P004,2023-12-30,45
P004,2023-12-31,40
P004,2024-01-01,27
P004,2024-01-02,25
P004,2024-01-03,20
P004,2024-01-04,23
P004,2024-01-05,31
P004,2024-01-06,32
P004,2024-01-07,38
P004,2024-01-08,25
P004,2024-01-09,34
P004,2024-01-10,30
P004,2024-01-11,25
P004,2024-01-12,32
P004,2024-01-13,38
P004,2024-01-14,44
P004,2024-01-15,21
P004,2024-01-16,31
P004,2024-01-17,25
P004,2024-01-18,23
P004,2024-01-19,26
P004,2024-01-20,41
P004,2024-01-21,38
P004,2024-01-22,29
P004,2024-01-23,24
P004,2024-01-24,29
P004,2024-01-25,28
P004,2024-01-26,26
P004,2024-01-27,38
P004,2024-01-28,40
P004,2024-01-29,29
P004,2024-01-30,34
P004,2024-01-31,30
P004,2024-02-01,30
P004,2024-02-02,38
P004,2024-02-03,42
P004,2024-02-04,42
P004,2024-02-05,29
P004,2024-02-06,22
P004,2024-02-07,24
P004,2024-02-08,24
P004,2024-02-09,29
P004,2024-02-10,39
P004,2024-02-11,40
P004,2024-02-12,30
P004,2024-02-13,29
P004,2024-02-14,25
P004,2024-02-15,23
P004,2024-02-16,30
P004,2024-02-17,42
P004,2024-02-18,33
P004,2024-02-19,24
P004,2024-02-20,26
P004,2024-02-21,29
P004,2024-02-22,29
P004,2024-02-23,27
P004,2024-02-24,42
P004,2024-02-25,39
P004,2024-02-26,23
P004,2024-02-27,192
P004,2024-02-28,25
P004,2024-02-29,25
P004,2024-03-01,18
P004,2024-03-02,37
P004,2024-03-03,39
P004,2024-03-04,24
P004,2024-03-05,24
P004,2024-03-06,27
P004,2024-03-07,21
P004,2024-03-08,19
P004,2024-03-09,37
P004,2024-03-10,42
P004,2024-03-11,31
P004,2024-03-12,28
P004,2024-03-13,19
P004,2024-03-14,24
P004,2024-03-15,26
P004,2024-03-16,39
P004,2024-03-17,40
P004,2024-03-18,21
P004,2024-03-19,25
P004,2024-03-20,26
P004,2024-03-21,28
P004,2024-03-22,21
P004,2024-03-23,37
P004,2024-03-24,27
P004,2024-03-25,22
P004,2024-03-26,22
P004,2024-03-27,20
P004,2024-03-28,25
P004,2024-03-29,24
P004,2024-03-30,29
P004,2024-03-31,39
P004,2024-04-01,21
P004,2024-04-02,26
P004,2024-04-03,19
P004,2024-04-04,24
P004,2024-04-05,23
P004,2024-04-06,39
P004,2024-04-07,38
P004,2024-04-08,23
P004,2024-04-09,18
P004,2024-04-10,18
P004,2024-04-11,21
P004,2024-04-12,24
P004,2024-04-13,35
P004,2024-04-14,40
P004,2024-04-15,23
P004,2024-04-16,20
P004,2024-04-17,23
P004,2024-04-18,25
P004,2024-04-19,25
P004,2024-04-20,45
P004,2024-04-21,34
P004,2024-04-22,23
P004,2024-04-23,25
P004,2024-04-24,23
P004,2024-04-25,21
P004,2024-04-26,18
P004,2024-04-27,35
P004,2024-04-28,32
P004,2024-04-29,16
P004,2024-04-30,20
P004,2024-05-01,19
P004,2024-05-02,25
P004,2024-05-03,25
P004,2024-05-04,33
P004,2024-05-05,36
P004,2024-05-06,16
P004,2024-05-07,21
P004,2024-05-08,25
P004,2024-05-09,26
P004,2024-05-10,20
P004,2024-05-11,41
P004,2024-05-12,31
P004,2024-05-13,18
P004,2024-05-14,25
P004,2024-05-15,29
P004,2024-05-16,25
P004,2024-05-17,23
P004,2024-05-18,28
P004,2024-05-19,29
P004,2024-05-20,23
P004,2024-05-21,21
P004,2024-05-22,18
P004,2024-05-23,23
P004,2024-05-24,23
P004,2024-05-25,40
P004,2024-05-26,36
P004,2024-05-27,27
P004,2024-05-28,22
P004,2024-05-29,22
P004,2024-05-30,27
P004,2024-05-31,18
P004,2024-06-01,47
P004,2024-06-02,37
P004,2024-06-03,23
P004,2024-06-04,24
P004,2024-06-05,29
P004,2024-06-06,25
P004,2024-06-07,16
P004,2024-06-08,41
P004,2024-06-09,34
P004,2024-06-10,22
P004,2024-06-11,17
P004,2024-06-12,24
P004,2024-06-13,20
P004,2024-06-14,22
P004,2024-06-15,34
P004,2024-06-16,43
P004,2024-06-17,29
P004,2024-06-18,22
P004,2024-06-19,22
P004,2024-06-20,20
P004,2024-06-21,26
P004,2024-06-22,34
P004,2024-06-23,34
P004,2024-06-24,25
P004,2024-06-25,20
P004,2024-06-26,21
P004,2024-06-27,15
P004,2024-06-28,24
P004,2024-06-29,42
P004,2024-06-30,38
P004,2024-07-01,27
P004,2024-07-02,18
P004,2024-07-03,22
P004,2024-07-04,18
P004,2024-07-05,20
P004,2024-07-06,38
P004,2024-07-07,35
P004,2024-07-08,16
P004,2024-07-09,16
P004,2024-07-10,16
P004,2024-07-11,23
P004,2024-07-12,29
P004,2024-07-13,40
P004,2024-07-14,27
P004,2024-07-15,26
P004,2024-07-16,25
P004,2024-07-17,15
P004,2024-07-18,20
P004,2024-07-19,25
P004,2024-07-20,36
P004,2024-07-21,29
P004,2024-07-22,23
P004,2024-07-23,12
P004,2024-07-24,20
P004,2024-07-25,25
P004,2024-07-26,21
P004,2024-07-27,32
P004,2024-07-28,38
P004,2024-07-29,24
P004,2024-07-30,25
P004,2024-07-31,23
P004,2024-08-01,25
P004,2024-08-02,23
P004,2024-08-03,35
P004,2024-08-04,34
P004,2024-08-05,19
P004,2024-08-06,16
P004,2024-08-07,16
P004,2024-08-08,19
P004,2024-08-09,21
P004,2024-08-10,39
P004,2024-08-11,33
P004,2024-08-12,24
P004,2024-08-13,24
P004,2024-08-14,19
P004,2024-08-15,22
P004,2024-08-16,19
P004,2024-08-17,38
P004,2024-08-18,36
P004,2024-08-19,15
P004,2024-08-20,20
P004,2024-08-21,26
P004,2024-08-22,19
P004,2024-08-23,21
P004,2024-08-24,35
P004,2024-08-25,29
P004,2024-08-26,21
P004,2024-08-27,14
P004,2024-08-28,17
P004,2024-08-29,23
P004,2024-08-30,21
P004,2024-08-31,32
P004,2024-09-01,34
P004,2024-09-02,19
P004,2024-09-03,20
P004,2024-09-04,21
P004,2024-09-05,16
P004,2024-09-06,20
P004,2024-09-07,31
P004,2024-09-08,27
P004,2024-09-09,16
P004,2024-09-10,25
P004,2024-09-11,20
P004,2024-09-12,14
P004,2024-09-13,13
P004,2024-09-14,32
P004,2024-09-15,38
P004,2024-09-16,18
P004,2024-09-17,24
P004,2024-09-18,20
P004,2024-09-19,20
P004,2024-09-20,14
P004,2024-09-21,36
P004,2024-09-22,31
P004,2024-09-23,22
P004,2024-09-24,16
P004,2024-09-25,19
P004,2024-09-26,20
P004,2024-09-27,18
P004,2024-09-28,34
P004,2024-09-29,31
P004,2024-09-30,16
P004,2024-10-01,25
P004,2024-10-02,22
P004,2024-10-03,15
P004,2024-10-04,20
P004,2024-10-05,29
P004,2024-10-06,27
P004,2024-10-07,22
P004,2024-10-08,11
P004,2024-10-09,21
P004,2024-10-10,17
P004,2024-10-11,17
P004,2024-10-12,33
P004,2024-10-13,34
P004,2024-10-14,14
P004,2024-10-15,21
P004,2024-10-16,18
P004,2024-10-17,13
P004,2024-10-18,17
P004,2024-10-19,36
P004,2024-10-20,38
P004,2024-10-21,20
P004,2024-10-22,13
P004,2024-10-23,20
P004,2024-10-24,21
P004,2024-10-25,20
P004,2024-10-26,34
P004,2024-10-27,32
P004,2024-10-28,17
P004,2024-10-29,15
P004,2024-10-30,10
P004,2024-10-31,19
P004,2024-11-01,18
P004,2024-11-02,33
P004,2024-11-03,25
P004,2024-11-04,20
P004,2024-11-05,25
P004,2024-11-06,18
P004,2024-11-07,17
P004,2024-11-08,18
P004,2024-11-09,38
P004,2024-11-10,27
P004,2024-11-11,18
P004,2024-11-12,14
P004,2024-11-13,15
P004,2024-11-14,17
P004,2024-11-15,22
P004,2024-11-16,38
P004,2024-11-17,32
P004,2024-11-18,15
P004,2024-11-19,27
P004,2024-11-20,15
P004,2024-11-21,14
P004,2024-11-22,10
P004,2024-11-23,36
P004,2024-11-24,34
P004,2024-11-25,26
P004,2024-11-26,11
P004,2024-11-27,22
P004,2024-11-28,17
P004,2024-11-29,20
P004,2024-11-30,23
P004,2024-12-01,36
P004,2024-12-02,20
P004,2024-12-03,16
P004,2024-12-04,19
P004,2024-12-05,13
P004,2024-12-06,14
P004,2024-12-07,28
P004,2024-12-08,23
P004,2024-12-09,20
P004,2024-12-10,21
P004,2024-12-11,13
P004,2024-12-12,18
P004,2024-12-13,15
P004,2024-12-14,31
P004,2024-12-15,27
P004,2024-12-16,12
P004,2024-12-17,20
P004,2024-12-18,16
P004,2024-12-19,23
P004,2024-12-20,16
P004,2024-12-21,25
P004,2024-12-22,34
P004,2024-12-23,18
P004,2024-12-24,18
P004,2024-12-25,20
P004,2024-12-26,13
P004,2024-12-27,15
P004,2024-12-28,29
P004,2024-12-29,24
P004,2024-12-30,14
P004,2024-12-31,21
