product_id,date,sales,knn_avg_distance,knn_flag
P001,2023-01-01,56,0.0,False
P001,2023-01-02,35,0.0,False
P001,2023-01-03,44,0.0,False
P001,2023-01-04,45,0.0,False
P001,2023-01-05,30,1.8,True
P001,2023-01-06,34,0.0,False
P001,2023-01-07,55,0.0,False
P001,2023-01-08,52,0.0,False
P001,2023-01-09,40,0.0,False
P001,2023-01-10,36,0.0,False
P001,2023-01-11,44,0.0,False
P001,2023-01-12,44,0.0,False
P001,2023-01-13,40,0.0,False
P001,2023-01-14,60,0.0,False
P001,2023-01-15,56,0.0,False
P001,2023-01-16,36,0.0,False
P001,2023-01-17,42,0.0,False
P001,2023-01-18,35,0.0,False
P001,2023-01-19,45,0.0,False
P001,2023-01-20,40,0.0,False
P001,2023-01-21,53,0.0,False
P001,2023-01-22,51,0.0,False
P001,2023-01-23,46,0.0,False
P001,2023-01-24,39,0.0,False
P001,2023-01-25,38,0.0,False
P001,2023-01-26,38,0.0,False
P001,2023-01-27,43,0.0,False
P001,2023-01-28,56,0.0,False
P001,2023-01-29,56,0.0,False
P001,2023-01-30,42,0.0,False
P001,2023-01-31,51,0.0,False
P001,2023-02-01,38,0.0,False
P001,2023-02-02,38,0.0,False
P001,2023-02-03,36,0.0,False
P001,2023-02-04,57,0.0,False
P001,2023-02-05,60,0.0,False
P001,2023-02-06,40,0.0,False
P001,2023-02-07,36,0.0,False
P001,2023-02-08,36,0.0,False
P001,2023-02-09,44,0.0,False
P001,2023-02-10,44,0.0,False
P001,2023-02-11,57,0.0,False
P001,2023-02-12,51,0.0,False
P001,2023-02-13,42,0.0,False
P001,2023-02-14,41,0.0,False
P001,2023-02-15,42,0.0,False
P001,2023-02-16,45,0.0,False
P001,2023-02-17,42,0.0,False
P001,2023-02-18,58,0.0,False
P001,2023-02-19,55,0.0,False
P001,2023-02-20,42,0.0,False
P001,2023-02-21,44,0.0,False
P001,2023-02-22,33,0.4,True
P001,2023-02-23,39,0.0,False
P001,2023-02-24,38,0.0,False
P001,2023-02-25,51,0.0,False
P001,2023-02-26,53,0.0,False
P001,2023-02-27,48,0.0,False
P001,2023-02-28,36,0.0,False
P001,2023-03-01,45,0.0,False
P001,2023-03-02,32,0.0,False
P001,2023-03-03,39,0.0,False
P001,2023-03-04,55,0.0,False
P001,2023-03-05,58,0.0,False
P001,2023-03-06,44,0.0,False
P001,2023-03-07,45,0.0,False
P001,2023-03-08,39,0.0,False
P001,2023-03-09,38,0.0,False
P001,2023-03-10,45,0.0,False
P001,2023-03-11,54,0.0,False
P001,2023-03-12,48,0.0,False
P001,2023-03-13,35,0.0,False
P001,2023-03-14,432,296.2,True
P001,2023-03-15,43,0.0,False
P001,2023-03-16,41,0.0,False
P001,2023-03-17,44,0.0,False
P001,2023-03-18,53,0.0,False
P001,2023-03-19,56,0.0,False
P001,2023-03-20,44,0.0,False
P001,2023-03-21,39,0.0,False
P001,2023-03-22,43,0.0,False
P001,2023-03-23,38,0.0,False
P001,2023-03-24,39,0.0,False
P001,2023-03-25,53,0.0,False
P001,2023-03-26,49,0.0,False
P001,2023-03-27,43,0.0,False
P001,2023-03-28,39,0.0,False
P001,2023-03-29,41,0.0,False
P001,2023-03-30,43,0.0,False
P001,2023-03-31,43,0.0,False
P001,2023-04-01,58,0.0,False
P001,2023-04-02,54,0.0,False
P001,2023-04-03,39,0.0,False
P001,2023-04-04,41,0.0,False
P001,2023-04-05,33,0.4,True
P001,2023-04-06,34,0.0,False
P001,2023-04-07,34,0.0,False
P001,2023-04-08,50,0.0,False
P001,2023-04-09,57,0.0,False
P001,2023-04-10,36,0.0,False
P001,2023-04-11,39,0.0,False
P001,2023-04-12,48,0.0,False
P001,2023-04-13,39,0.0,False
P001,2023-04-14,45,0.0,False
P001,2023-04-15,50,0.0,False
P001,2023-04-16,54,0.0,False
P001,2023-04-17,36,0.0,False
P001,2023-04-18,39,0.0,False
P001,2023-04-19,45,0.0,False
P001,2023-04-20,32,0.0,False
P001,2023-04-21,43,0.0,False
P001,2023-04-22,56,0.0,False
P001,2023-04-23,52,0.0,False
P001,2023-04-24,34,0.0,False
P001,2023-04-25,42,0.0,False
P001,2023-04-26,39,0.0,False
P001,2023-04-27,42,0.0,False
P001,2023-04-28,41,0.0,False
P001,2023-04-29,63,0.0,False
P001,2023-04-30,54,0.0,False
P001,2023-05-01,36,0.0,False
P001,2023-05-02,42,0.0,False
P001,2023-05-03,42,0.0,False
P001,2023-05-04,48,0.0,False
P001,2023-05-05,45,0.0,False
P001,2023-05-06,57,0.0,False
P001,2023-05-07,63,0.0,False
P001,2023-05-08,35,0.0,False
P001,2023-05-09,38,0.0,False
P001,2023-05-10,37,0.0,False
P001,2023-05-11,39,0.0,False
P001,2023-05-12,34,0.0,False
P001,2023-05-13,58,0.0,False
P001,2023-05-14,54,0.0,False
P001,2023-05-15,34,0.0,False
P001,2023-05-16,36,0.0,False
P001,2023-05-17,43,0.0,False
P001,2023-05-18,46,0.0,False
P001,2023-05-19,51,0.0,False
P001,2023-05-20,70,0.8,True
P001,2023-05-21,57,0.0,False
P001,2023-05-22,36,0.0,False
P001,2023-05-23,31,1.0,True
P001,2023-05-24,43,0.0,False
P001,2023-05-25,37,0.0,False
P001,2023-05-26,39,0.0,False
P001,2023-05-27,52,0.0,False
P001,2023-05-28,55,0.0,False
P001,2023-05-29,47,0.0,False
P001,2023-05-30,42,0.0,False
P001,2023-05-31,41,0.0,False
P001,2023-06-01,36,0.0,False
P001,2023-06-02,33,0.4,False
P001,2023-06-03,53,0.0,False
P001,2023-06-04,55,0.0,False
P001,2023-06-05,0,12.2,True
P001,2023-06-06,0,12.2,True
P001,2023-06-07,0,12.2,True
P001,2023-06-08,0,12.2,True
P001,2023-06-09,36,0.0,False
P001,2023-06-10,51,0.0,False
P001,2023-06-11,52,0.0,False
P001,2023-06-12,52,0.0,False
P001,2023-06-13,38,0.0,False
P001,2023-06-14,46,0.0,False
P001,2023-06-15,37,0.0,False
P001,2023-06-16,46,0.0,False
P001,2023-06-17,58,0.0,False
P001,2023-06-18,55,0.0,False
P001,2023-06-19,41,0.0,False
P001,2023-06-20,38,0.0,False
P001,2023-06-21,44,0.0,False
P001,2023-06-22,39,0.0,False
P001,2023-06-23,36,0.0,False
P001,2023-06-24,49,0.0,False
P001,2023-06-25,57,0.0,False
P001,2023-06-26,50,0.0,False
P001,2023-06-27,43,0.0,False
P001,2023-06-28,41,0.0,False
P001,2023-06-29,43,0.0,False
P001,2023-06-30,48,0.0,False
P001,2023-07-01,57,0.0,False
P001,2023-07-02,54,0.0,False
P001,2023-07-03,47,0.0,False
P001,2023-07-04,44,0.0,False
P001,2023-07-05,50,0.0,False
P001,2023-07-06,43,0.0,False
P001,2023-07-07,36,0.0,False
P001,2023-07-08,49,0.0,False
P001,2023-07-09,64,0.0,False
P001,2023-07-10,51,0.0,False
P001,2023-07-11,41,0.0,False
P001,2023-07-12,40,0.0,False
P001,2023-07-13,49,0.0,False
P001,2023-07-14,36,0.0,False
P001,2023-07-15,51,0.0,False
P001,2023-07-16,59,0.0,False
P001,2023-07-17,40,0.0,False
P001,2023-07-18,42,0.0,False
P001,2023-07-19,41,0.0,False
P001,2023-07-20,44,0.0,False
P001,2023-07-21,49,0.0,False
P001,2023-07-22,56,0.0,False
P001,2023-07-23,59,0.0,False
P001,2023-07-24,32,0.0,False
P001,2023-07-25,42,0.0,False
P001,2023-07-26,38,0.0,False
P001,2023-07-27,36,0.0,False
P001,2023-07-28,38,0.0,False
P001,2023-07-29,54,0.0,False
P001,2023-07-30,61,0.0,False
P001,2023-07-31,35,0.0,False
P001,2023-08-01,42,0.0,False
P001,2023-08-02,40,0.0,False
P001,2023-08-03,41,0.0,False
P001,2023-08-04,47,0.0,False
P001,2023-08-05,59,0.0,False
P001,2023-08-06,63,0.0,False
P001,2023-08-07,41,0.0,False
P001,2023-08-08,9999,9768.0,True
P001,2023-08-09,41,0.0,False
P001,2023-08-10,43,0.0,False
P001,2023-08-11,43,0.0,False
P001,2023-08-12,51,0.0,False
P001,2023-08-13,57,0.0,False
P001,2023-08-14,43,0.0,False
P001,2023-08-15,55,0.0,False
P001,2023-08-16,52,0.0,False
P001,2023-08-17,38,0.0,False
P001,2023-08-18,41,0.0,False
P001,2023-08-19,49,0.0,False
P001,2023-08-20,53,0.0,False
P001,2023-08-21,44,0.0,False
P001,2023-08-22,48,0.0,False
P001,2023-08-23,39,0.0,False
P001,2023-08-24,39,0.0,False
P001,2023-08-25,32,0.0,False
P001,2023-08-26,56,0.0,False
P001,2023-08-27,51,0.0,False
P001,2023-08-28,40,0.0,False
P001,2023-08-29,38,0.0,False
P001,2023-08-30,42,0.0,False
P001,2023-08-31,34,0.0,False
P001,2023-09-01,35,0.0,False
P001,2023-09-02,67,0.0,False
P001,2023-09-03,50,0.0,False
P001,2023-09-04,37,0.0,False
P001,2023-09-05,52,0.0,False
P001,2023-09-06,57,0.0,False
P001,2023-09-07,37,0.0,False
P001,2023-09-08,41,0.0,False
P001,2023-09-09,58,0.0,False
P001,2023-09-10,65,0.2,False
P001,2023-09-11,38,0.0,False
P001,2023-09-12,41,0.0,False
P001,2023-09-13,46,0.0,False
P001,2023-09-14,45,0.0,False
P001,2023-09-15,41,0.0,False
P001,2023-09-16,56,0.0,False
P001,2023-09-17,50,0.0,False
P001,2023-09-18,41,0.0,False
P001,2023-09-19,41,0.0,False
P001,2023-09-20,44,0.0,False
P001,2023-09-21,40,0.0,False
P001,2023-09-22,45,0.0,False
P001,2023-09-23,62,0.0,False
P001,2023-09-24,57,0.0,False
P001,2023-09-25,44,0.0,False
P001,2023-09-26,43,0.0,False
P001,2023-09-27,43,0.0,False
P001,2023-09-28,39,0.0,False
P001,2023-09-29,44,0.0,False
P001,2023-09-30,56,0.0,False
P001,2023-10-01,67,0.0,False
P001,2023-10-02,51,0.0,False
P001,2023-10-03,45,0.0,False
P001,2023-10-04,39,0.0,False
P001,2023-10-05,37,0.0,False
P001,2023-10-06,49,0.0,False
P001,2023-10-07,58,0.0,False
P001,2023-10-08,59,0.0,False
P001,2023-10-09,34,0.0,False
P001,2023-10-10,47,0.0,False
P001,2023-10-11,45,0.0,False
P001,2023-10-12,37,0.0,False
P001,2023-10-13,40,0.0,False
P001,2023-10-14,58,0.0,False
P001,2023-10-15,57,0.0,False
P001,2023-10-16,41,0.0,False
P001,2023-10-17,42,0.0,False
P001,2023-10-18,42,0.0,False
P001,2023-10-19,44,0.0,False
P001,2023-10-20,50,0.0,False
P001,2023-10-21,44,0.0,False
P001,2023-10-22,56,0.0,False
P001,2023-10-23,44,0.0,False
P001,2023-10-24,44,0.0,False
P001,2023-10-25,41,0.0,False
P001,2023-10-26,34,0.0,False
P001,2023-10-27,45,0.0,False
P001,2023-10-28,66,0.0,False
P001,2023-10-29,49,0.0,False
P001,2023-10-30,47,0.0,False
P001,2023-10-31,41,0.0,False
P001,2023-11-01,43,0.0,False
P001,2023-11-02,38,0.0,False
P001,2023-11-03,41,0.0,False
P001,2023-11-04,64,0.0,False
P001,2023-11-05,60,0.0,False
P001,2023-11-06,52,0.0,False
P001,2023-11-07,49,0.0,False
P001,2023-11-08,45,0.0,False
P001,2023-11-09,52,0.0,False
P001,2023-11-10,45,0.0,False
P001,2023-11-11,61,0.0,False
P001,2023-11-12,56,0.0,False
P001,2023-11-13,43,0.0,False
P001,2023-11-14,40,0.0,False
P001,2023-11-15,48,0.0,False
P001,2023-11-16,37,0.0,False
P001,2023-11-17,47,0.0,False
P001,2023-11-18,56,0.0,False
P001,2023-11-19,63,0.0,False
P001,2023-11-20,47,0.0,False
P001,2023-11-21,52,0.0,False
P001,2023-11-22,47,0.0,False
P001,2023-11-23,35,0.0,False
P001,2023-11-24,43,0.0,False
P001,2023-11-25,51,0.0,False
P001,2023-11-26,55,0.0,False
P001,2023-11-27,51,0.0,False
P001,2023-11-28,46,0.0,False
P001,2023-11-29,40,0.0,False
P001,2023-11-30,38,0.0,False
P001,2023-12-01,44,0.0,False
P001,2023-12-02,51,0.0,False
P001,2023-12-03,54,0.0,False
P001,2023-12-04,45,0.0,False
P001,2023-12-05,49,0.0,False
P001,2023-12-06,46,0.0,False
P001,2023-12-07,32,0.0,False
P001,2023-12-08,45,0.0,False
P001,2023-12-09,58,0.0,False
P001,2023-12-10,59,0.0,False
P001,2023-12-11,52,0.0,False
P001,2023-12-12,33,0.4,False
P001,2023-12-13,41,0.0,False
P001,2023-12-14,46,0.0,False
P001,2023-12-15,36,0.0,False
P001,2023-12-16,65,0.2,False
P001,2023-12-17,59,0.0,False
P001,2023-12-18,48,0.0,False
P001,2023-12-19,41,0.0,False
P001,2023-12-20,48,0.0,False
P001,2023-12-21,49,0.0,False
P001,2023-12-22,45,0.0,False
P001,2023-12-23,59,0.0,False
P001,2023-12-24,59,0.0,False
P001,2023-12-25,39,0.0,False
P001,2023-12-26,43,0.0,False
P001,2023-12-27,43,0.0,False
P001,2023-12-28,46,0.0,False
P001,2023-12-29,49,0.0,False
P001,2023-12-30,52,0.0,False
P001,2023-12-31,57,0.0,False
P001,2024-01-01,51,0.0,False
P001,2024-01-02,40,0.0,False
P001,2024-01-03,40,0.0,False
P001,2024-01-04,45,0.0,False
P001,2024-01-05,48,0.0,False
P001,2024-01-06,58,0.0,False
P001,2024-01-07,64,0.0,False
P001,2024-01-08,48,0.0,False
P001,2024-01-09,48,0.0,False
P001,2024-01-10,47,0.0,False
P001,2024-01-11,55,0.0,False
P001,2024-01-12,43,0.0,False
P001,2024-01-13,48,0.0,False
P001,2024-01-14,66,0.0,False
P001,2024-01-15,42,0.0,False
P001,2024-01-16,44,0.0,False
P001,2024-01-17,50,0.0,False
P001,2024-01-18,36,0.0,False
P001,2024-01-19,38,0.0,False
P001,2024-01-20,50,0.0,False
P001,2024-01-21,54,0.0,False
P001,2024-01-22,46,0.0,False
P001,2024-01-23,46,0.0,False
P001,2024-01-24,45,0.0,False
P001,2024-01-25,37,0.0,False
P001,2024-01-26,32,0.0,False
P001,2024-01-27,58,0.0,False
P001,2024-01-28,56,0.0,False
P001,2024-01-29,46,0.0,False
P001,2024-01-30,47,0.0,False
P001,2024-01-31,45,0.0,False
P001,2024-02-01,48,0.0,False
P001,2024-02-02,45,0.0,False
P001,2024-02-03,61,0.0,False
P001,2024-02-04,54,0.0,False
P001,2024-02-05,43,0.0,False
P001,2024-02-06,45,0.0,False
P001,2024-02-07,48,0.0,False
P001,2024-02-08,42,0.0,False
P001,2024-02-09,47,0.0,False
P001,2024-02-10,57,0.0,False
P001,2024-02-11,57,0.0,False
P001,2024-02-12,48,0.0,False
P001,2024-02-13,34,0.0,False
P001,2024-02-14,38,0.0,False
P001,2024-02-15,37,0.0,False
P001,2024-02-16,32,0.0,False
P001,2024-02-17,55,0.0,False
P001,2024-02-18,62,0.0,False
P001,2024-02-19,43,0.0,False
P001,2024-02-20,45,0.0,False
P001,2024-02-21,50,0.0,False
P001,2024-02-22,51,0.0,False
P001,2024-02-23,44,0.0,False
P001,2024-02-24,65,0.2,False
P001,2024-02-25,59,0.0,False
P001,2024-02-26,40,0.0,False
P001,2024-02-27,41,0.0,False
P001,2024-02-28,37,0.0,False
P001,2024-02-29,40,0.0,False
P001,2024-03-01,42,0.0,False
P001,2024-03-02,62,0.0,False
P001,2024-03-03,67,0.0,False
P001,2024-03-04,37,0.0,False
P001,2024-03-05,46,0.0,False
P001,2024-03-06,39,0.0,False
P001,2024-03-07,47,0.0,False
P001,2024-03-08,44,0.0,False
P001,2024-03-09,49,0.0,False
P001,2024-03-10,63,0.0,False
P001,2024-03-11,41,0.0,False
P001,2024-03-12,42,0.0,False
P001,2024-03-13,39,0.0,False
P001,2024-03-14,41,0.0,False
P001,2024-03-15,47,0.0,False
P001,2024-03-16,57,0.0,False
P001,2024-03-17,60,0.0,False
P001,2024-03-18,46,0.0,False
P001,2024-03-19,51,0.0,False
P001,2024-03-20,43,0.0,False
P001,2024-03-21,37,0.0,False
P001,2024-03-22,50,0.0,False
P001,2024-03-23,57,0.0,False
P001,2024-03-24,64,0.0,False
P001,2024-03-25,46,0.0,False
P001,2024-03-26,44,0.0,False
P001,2024-03-27,46,0.0,False
P001,2024-03-28,54,0.0,False
P001,2024-03-29,55,0.0,False
P001,2024-03-30,59,0.0,False
P001,2024-03-31,59,0.0,False
P001,2024-04-01,50,0.0,False
P001,2024-04-02,40,0.0,False
P001,2024-04-03,46,0.0,False
P001,2024-04-04,44,0.0,False
P001,2024-04-05,46,0.0,False
P001,2024-04-06,54,0.0,False
P001,2024-04-07,51,0.0,False
P001,2024-04-08,34,0.0,False
P001,2024-04-09,39,0.0,False
P001,2024-04-10,42,0.0,False
P001,2024-04-11,43,0.0,False
P001,2024-04-12,54,0.0,False
P001,2024-04-13,64,0.0,False
P001,2024-04-14,54,0.0,False
P001,2024-04-15,46,0.0,False
P001,2024-04-16,43,0.0,False
P001,2024-04-17,43,0.0,False
P001,2024-04-18,46,0.0,False
P001,2024-04-19,48,0.0,False
P001,2024-04-20,57,0.0,False
P001,2024-04-21,64,0.0,False
P001,2024-04-22,39,0.0,False
P001,2024-04-23,45,0.0,False
P001,2024-04-24,58,0.0,False
P001,2024-04-25,46,0.0,False
P001,2024-04-26,52,0.0,False
P001,2024-04-27,59,0.0,False
P001,2024-04-28,62,0.0,False
P001,2024-04-29,45,0.0,False
P001,2024-04-30,44,0.0,False
P001,2024-05-01,41,0.0,False
P001,2024-05-02,47,0.0,False
P001,2024-05-03,41,0.0,False
P001,2024-05-04,62,0.0,False
P001,2024-05-05,64,0.0,False
P001,2024-05-06,47,0.0,False
P001,2024-05-07,43,0.0,False
P001,2024-05-08,47,0.0,False
P001,2024-05-09,43,0.0,False
P001,2024-05-10,50,0.0,False
P001,2024-05-11,50,0.0,False
P001,2024-05-12,57,0.0,False
P001,2024-05-13,35,0.0,False
P001,2024-05-14,38,0.0,False
P001,2024-05-15,52,0.0,False
P001,2024-05-16,49,0.0,False
P001,2024-05-17,41,0.0,False
P001,2024-05-18,52,0.0,False
P001,2024-05-19,44,0.0,False
P001,2024-05-20,42,0.0,False
P001,2024-05-21,57,0.0,False
P001,2024-05-22,47,0.0,False
P001,2024-05-23,42,0.0,False
P001,2024-05-24,47,0.0,False
P001,2024-05-25,51,0.0,False
P001,2024-05-26,58,0.0,False
P001,2024-05-27,46,0.0,False
P001,2024-05-28,45,0.0,False
P001,2024-05-29,49,0.0,False
P001,2024-05-30,47,0.0,False
P001,2024-05-31,49,0.0,False
P001,2024-06-01,56,0.0,False
P001,2024-06-02,64,0.0,False
P001,2024-06-03,53,0.0,False
P001,2024-06-04,40,0.0,False
P001,2024-06-05,41,0.0,False
P001,2024-06-06,52,0.0,False
P001,2024-06-07,44,0.0,False
P001,2024-06-08,66,0.0,False
P001,2024-06-09,57,0.0,False
P001,2024-06-10,53,0.0,False
P001,2024-06-11,46,0.0,False
P001,2024-06-12,47,0.0,False
P001,2024-06-13,53,0.0,False
P001,2024-06-14,43,0.0,False
P001,2024-06-15,55,0.0,False
P001,2024-06-16,57,0.0,False
P001,2024-06-17,48,0.0,False
P001,2024-06-18,38,0.0,False
P001,2024-06-19,49,0.0,False
P001,2024-06-20,43,0.0,False
P001,2024-06-21,51,0.0,False
P001,2024-06-22,47,0.0,False
P001,2024-06-23,55,0.0,False
P001,2024-06-24,37,0.0,False
P001,2024-06-25,41,0.0,False
P001,2024-06-26,47,0.0,False
P001,2024-06-27,45,0.0,False
P001,2024-06-28,44,0.0,False
P001,2024-06-29,59,0.0,False
P001,2024-06-30,60,0.0,False
P001,2024-07-01,40,0.0,False
P001,2024-07-02,490,342.6,True
P001,2024-07-03,49,0.0,False
P001,2024-07-04,47,0.0,False
P001,2024-07-05,48,0.0,False
P001,2024-07-06,61,0.0,False
P001,2024-07-07,70,0.8,True
P001,2024-07-08,45,0.0,False
P001,2024-07-09,44,0.0,False
P001,2024-07-10,42,0.0,False
P001,2024-07-11,40,0.0,False
P001,2024-07-12,39,0.0,False
P001,2024-07-13,55,0.0,False
P001,2024-07-14,59,0.0,False
P001,2024-07-15,47,0.0,False
P001,2024-07-16,46,0.0,False
P001,2024-07-17,42,0.0,False
P001,2024-07-18,50,0.0,False
P001,2024-07-19,49,0.0,False
P001,2024-07-20,59,0.0,False
P001,2024-07-21,56,0.0,False
P001,2024-07-22,48,0.0,False
P001,2024-07-23,47,0.0,False
P001,2024-07-24,38,0.0,False
P001,2024-07-25,45,0.0,False
P001,2024-07-26,47,0.0,False
P001,2024-07-27,55,0.0,False
P001,2024-07-28,61,0.0,False
P001,2024-07-29,38,0.0,False
P001,2024-07-30,52,0.0,False
P001,2024-07-31,52,0.0,False
P001,2024-08-01,45,0.0,False
P001,2024-08-02,48,0.0,False
P001,2024-08-03,48,0.0,False
P001,2024-08-04,54,0.0,False
P001,2024-08-05,44,0.0,False
P001,2024-08-06,40,0.0,False
P001,2024-08-07,49,0.0,False
P001,2024-08-08,56,0.0,False
P001,2024-08-09,40,0.0,False
P001,2024-08-10,56,0.0,False
P001,2024-08-11,61,0.0,False
P001,2024-08-12,54,0.0,False
P001,2024-08-13,40,0.0,False
P001,2024-08-14,47,0.0,False
P001,2024-08-15,55,0.0,False
P001,2024-08-16,38,0.0,False
P001,2024-08-17,54,0.0,False
P001,2024-08-18,58,0.0,False
P001,2024-08-19,43,0.0,False
P001,2024-08-20,50,0.0,False
P001,2024-08-21,47,0.0,False
P001,2024-08-22,37,0.0,False
P001,2024-08-23,49,0.0,False
P001,2024-08-24,57,0.0,False
P001,2024-08-25,66,0.0,False
P001,2024-08-26,43,0.0,False
P001,2024-08-27,43,0.0,False
P001,2024-08-28,49,0.0,False
P001,2024-08-29,50,0.0,False
P001,2024-08-30,48,0.0,False
P001,2024-08-31,52,0.0,False
P001,2024-09-03,47,0.0,False
P001,2024-09-04,39,0.0,False
P001,2024-09-05,48,0.0,False
P001,2024-09-06,42,0.0,False
P001,2024-09-07,54,0.0,False
P001,2024-09-08,64,0.0,False
P001,2024-09-09,47,0.0,False
P001,2024-09-10,43,0.0,False
P001,2024-09-11,53,0.0,False
P001,2024-09-12,44,0.0,False
P001,2024-09-13,46,0.0,False
P001,2024-09-14,62,0.0,False
P001,2024-09-15,57,0.0,False
P001,2024-09-16,49,0.0,False
P001,2024-09-17,44,0.0,False
P001,2024-09-18,44,0.0,False
P001,2024-09-19,53,0.0,False
P001,2024-09-20,41,0.0,False
P001,2024-09-21,48,0.0,False
P001,2024-09-22,68,1.0,True
P001,2024-09-23,59,0.0,False
P001,2024-09-24,44,0.0,False
P001,2024-09-25,37,0.0,False
P001,2024-09-26,45,0.0,False
P001,2024-09-27,45,0.0,False
P001,2024-09-28,59,0.0,False
P001,2024-09-29,55,0.0,False
P001,2024-09-30,49,0.0,False
P001,2024-10-01,49,0.0,False
P001,2024-10-02,39,0.0,False
P001,2024-10-03,50,0.0,False
P001,2024-10-04,57,0.0,False
P001,2024-10-05,61,0.0,False
P001,2024-10-06,59,0.0,False
P001,2024-10-07,46,0.0,False
P001,2024-10-08,50,0.0,False
P001,2024-10-09,38,0.0,False
P001,2024-10-10,47,0.0,False
P001,2024-10-11,45,0.0,False
P001,2024-10-12,70,0.8,True
P001,2024-10-13,60,0.0,False
P001,2024-10-14,55,0.0,False
P001,2024-10-15,41,0.0,False
P001,2024-10-16,49,0.0,False
P001,2024-10-17,48,0.0,False
P001,2024-10-18,42,0.0,False
P001,2024-10-19,61,0.0,False
P001,2024-10-20,67,0.0,False
P001,2024-10-21,45,0.0,False
P001,2024-10-22,38,0.0,False
P001,2024-10-23,47,0.0,False
P001,2024-10-24,42,0.0,False
P001,2024-10-25,45,0.0,False
P001,2024-10-26,60,0.0,False
P001,2024-10-27,52,0.0,False
P001,2024-10-28,39,0.0,False
P001,2024-10-29,49,0.0,False
P001,2024-10-30,44,0.0,False
P001,2024-10-31,34,0.0,False
P001,2024-11-01,53,0.0,False
P001,2024-11-02,66,0.0,False
P001,2024-11-03,62,0.0,False
P001,2024-11-04,47,0.0,False
P001,2024-11-05,60,0.0,False
P001,2024-11-06,59,0.0,False
P001,2024-11-07,72,1.4,True
P001,2024-11-08,63,0.0,False
P001,2024-11-09,79,5.2,True
P001,2024-11-10,78,4.4,True
P001,2024-11-11,71,1.0,True
P001,2024-11-12,72,1.4,True
P001,2024-11-13,76,3.6,True
P001,2024-11-14,69,1.2,True
P001,2024-11-15,45,0.0,False
P001,2024-11-16,58,0.0,False
P001,2024-11-17,65,0.2,False
P001,2024-11-18,54,0.0,False
P001,2024-11-19,45,0.0,False
P001,2024-11-20,45,0.0,False
P001,2024-11-21,48,0.0,False
P001,2024-11-22,46,0.0,False
P001,2024-11-23,66,0.0,False
P001,2024-11-24,50,0.0,False
P001,2024-11-25,43,0.0,False
P001,2024-11-26,43,0.0,False
P001,2024-11-27,35,0.0,False
P001,2024-11-28,42,0.0,False
P001,2024-11-29,42,0.0,False
P001,2024-11-30,60,0.0,False
P001,2024-12-01,67,0.0,False
P001,2024-12-02,46,0.0,False
P001,2024-12-03,42,0.0,False
P001,2024-12-04,47,0.0,False
P001,2024-12-05,52,0.0,False
P001,2024-12-06,42,0.0,False
P001,2024-12-07,57,0.0,False
P001,2024-12-08,64,0.0,False
P001,2024-12-09,46,0.0,False
P001,2024-12-10,50,0.0,False
P001,2024-12-11,47,0.0,False
P001,2024-12-12,51,0.0,False
P001,2024-12-13,42,0.0,False
P001,2024-12-14,61,0.0,False
P001,2024-12-15,60,0.0,False
P001,2024-12-16,41,0.0,False
P001,2024-12-17,39,0.0,False
P001,2024-12-18,51,0.0,False
P001,2024-12-19,45,0.0,False
P001,2024-12-20,42,0.0,False
P001,2024-12-21,61,0.0,False
P001,2024-12-22,67,0.0,False
P001,2024-12-23,36,0.0,False
P001,2024-12-24,40,0.0,False
P001,2024-12-25,43,0.0,False
P001,2024-12-26,55,0.0,False
P001,2024-12-27,49,0.0,False
P001,2024-12-28,65,0.2,False
P001,2024-12-29,56,0.0,False
P001,2024-12-30,42,0.0,False
P001,2024-12-31,50,0.0,False
P002,2023-01-01,34,0.0,False
P002,2023-01-02,27,0.0,False
P002,2023-01-03,24,0.0,False
P002,2023-01-04,26,0.0,False
P002,2023-01-05,26,0.0,False
P002,2023-01-06,28,0.0,False
P002,2023-01-07,37,0.0,False
P002,2023-01-08,27,0.0,False
P002,2023-01-09,16,2.0,True
P002,2023-01-10,29,0.0,False
P002,2023-01-11,30,0.0,False
P002,2023-01-12,21,0.4,False
P002,2023-01-13,18,1.0,False
P002,2023-01-14,34,0.0,False
P002,2023-01-15,38,0.0,False
P002,2023-01-16,32,0.0,False
P002,2023-01-17,27,0.0,False
P002,2023-01-18,24,0.0,False
P002,2023-01-19,22,0.0,False
P002,2023-01-20,25,0.0,False
P002,2023-01-21,33,0.0,False
P002,2023-01-22,30,0.0,False
P002,2023-01-23,34,0.0,False
P002,2023-01-24,33,0.0,False
P002,2023-01-25,30,0.0,False
P002,2023-01-26,22,0.0,False
P002,2023-01-27,29,0.0,False
P002,2023-01-28,37,0.0,False
P002,2023-01-29,36,0.0,False
P002,2023-01-30,31,0.0,False
P002,2023-01-31,28,0.0,False
P002,2023-02-01,29,0.0,False
P002,2023-02-02,28,0.0,False
P002,2023-02-03,27,0.0,False
P002,2023-02-04,27,0.0,False
P002,2023-02-05,35,0.0,False
P002,2023-02-06,23,0.2,False
P002,2023-02-07,21,0.4,False
P002,2023-02-08,32,0.0,False
P002,2023-02-09,33,0.0,False
P002,2023-02-10,31,0.0,False
P002,2023-02-11,36,0.0,False
P002,2023-02-12,40,0.0,False
P002,2023-02-13,26,0.0,False
P002,2023-02-14,27,0.0,False
P002,2023-02-15,22,0.0,False
P002,2023-02-16,28,0.0,False
P002,2023-02-17,26,0.0,False
P002,2023-02-18,29,0.0,False
P002,2023-02-19,35,0.0,False
P002,2023-02-20,26,0.0,False
P002,2023-02-21,33,0.0,False
P002,2023-02-22,30,0.0,False
P002,2023-02-23,26,0.0,False
P002,2023-02-24,27,0.0,False
P002,2023-02-25,35,0.0,False
P002,2023-02-26,34,0.0,False
P002,2023-02-27,22,0.0,False
P002,2023-02-28,26,0.0,False
P002,2023-03-01,23,0.2,False
P002,2023-03-02,21,0.4,False
P002,2023-03-03,28,0.0,False
P002,2023-03-04,37,0.0,False
P002,2023-03-05,28,0.0,False
P002,2023-03-06,26,0.0,False
P002,2023-03-07,30,0.0,False
P002,2023-03-08,31,0.0,False
P002,2023-03-09,30,0.0,False
P002,2023-03-10,27,0.0,False
P002,2023-03-11,32,0.0,False
P002,2023-03-12,31,0.0,False
P002,2023-03-13,28,0.0,False
P002,2023-03-14,28,0.0,False
P002,2023-03-15,32,0.0,False
P002,2023-03-16,31,0.0,False
P002,2023-03-17,26,0.0,False
P002,2023-03-18,30,0.0,False
P002,2023-03-19,34,0.0,False
P002,2023-03-20,27,0.0,False
P002,2023-03-21,26,0.0,False
P002,2023-03-22,24,0.0,False
P002,2023-03-23,28,0.0,False
P002,2023-03-24,25,0.0,False
P002,2023-03-25,33,0.0,False
P002,2023-03-26,37,0.0,False
P002,2023-03-27,25,0.0,False
P002,2023-03-28,28,0.0,False
P002,2023-03-29,28,0.0,False
P002,2023-03-30,22,0.0,False
P002,2023-03-31,25,0.0,False
P002,2023-04-01,41,0.0,False
P002,2023-04-02,31,0.0,False
P002,2023-04-03,18,1.0,False
P002,2023-04-04,19,1.0,False
P002,2023-04-05,27,0.0,False
P002,2023-04-06,27,0.0,False
P002,2023-04-07,26,0.0,False
P002,2023-04-08,41,0.0,False
P002,2023-04-09,25,0.0,False
P002,2023-04-10,29,0.0,False
P002,2023-04-11,33,0.0,False
P002,2023-04-12,23,0.2,False
P002,2023-04-13,26,0.0,False
P002,2023-04-14,24,0.0,False
P002,2023-04-15,32,0.0,False
P002,2023-04-16,35,0.0,False
P002,2023-04-17,33,0.0,False
P002,2023-04-18,34,0.0,False
P002,2023-04-19,26,0.0,False
P002,2023-04-20,35,0.0,False
P002,2023-04-21,27,0.0,False
P002,2023-04-22,43,0.0,False
P002,2023-04-23,36,0.0,False
P002,2023-04-24,28,0.0,False
P002,2023-04-25,29,0.0,False
P002,2023-04-26,40,0.0,False
P002,2023-04-27,31,0.0,False
P002,2023-04-28,25,0.0,False
P002,2023-04-29,40,0.0,False
P002,2023-04-30,35,0.0,False
P002,2023-05-01,25,0.0,False
P002,2023-05-02,31,0.0,False
P002,2023-05-03,28,0.0,False
P002,2023-05-04,29,0.0,False
P002,2023-05-05,28,0.0,False
P002,2023-05-06,38,0.0,False
P002,2023-05-07,38,0.0,False
P002,2023-05-08,20,0.6,False
P002,2023-05-09,30,0.0,False
P002,2023-05-10,24,0.0,False
P002,2023-05-11,22,0.0,False
P002,2023-05-12,27,0.0,False
P002,2023-05-13,37,0.0,False
P002,2023-05-14,34,0.0,False
P002,2023-05-15,31,0.0,False
P002,2023-05-16,22,0.0,False
P002,2023-05-17,26,0.0,False
P002,2023-05-18,25,0.0,False
P002,2023-05-19,28,0.0,False
P002,2023-05-20,38,0.0,False
P002,2023-05-21,33,0.0,False
P002,2023-05-22,31,0.0,False
P002,2023-05-23,28,0.0,False
P002,2023-05-24,20,0.6,False
P002,2023-05-25,20,0.6,False
P002,2023-05-26,28,0.0,False
P002,2023-05-27,36,0.0,False
P002,2023-05-28,36,0.0,False
P002,2023-05-29,28,0.0,False
P002,2023-05-30,29,0.0,False
P002,2023-05-31,32,0.0,False
P002,2023-06-01,24,0.0,False
P002,2023-06-02,23,0.2,False
P002,2023-06-03,32,0.0,False
P002,2023-06-04,38,0.0,False
P002,2023-06-05,33,0.0,False
P002,2023-06-06,26,0.0,False
P002,2023-06-07,18,1.0,False
P002,2023-06-08,21,0.4,False
P002,2023-06-09,25,0.0,False
P002,2023-06-10,35,0.0,False
P002,2023-06-11,35,0.0,False
P002,2023-06-12,28,0.0,False
P002,2023-06-13,27,0.0,False
P002,2023-06-14,32,0.0,False
P002,2023-06-15,26,0.0,False
P002,2023-06-16,25,0.0,False
P002,2023-06-17,39,0.0,False
P002,2023-06-18,31,0.0,False
P002,2023-06-19,30,0.0,False
P002,2023-06-20,29,0.0,False
P002,2023-06-21,28,0.0,False
P002,2023-06-22,35,0.0,False
P002,2023-06-23,26,0.0,False
P002,2023-06-24,45,0.0,False
P002,2023-06-25,36,0.0,False
P002,2023-06-26,23,0.2,False
P002,2023-06-27,29,0.0,False
P002,2023-06-28,24,0.0,False
P002,2023-06-29,26,0.0,False
P002,2023-06-30,30,0.0,False
P002,2023-07-01,40,0.0,False
P002,2023-07-02,35,0.0,False
P002,2023-07-03,33,0.0,False
P002,2023-07-04,33,0.0,False
P002,2023-07-05,34,0.0,False
P002,2023-07-06,31,0.0,False
P002,2023-07-07,34,0.0,False
P002,2023-07-08,30,0.0,False
P002,2023-07-09,36,0.0,False
P002,2023-07-10,25,0.0,False
P002,2023-07-11,29,0.0,False
P002,2023-07-12,27,0.0,False
P002,2023-07-13,28,0.0,False
P002,2023-07-14,36,0.0,False
P002,2023-07-15,37,0.0,False
P002,2023-07-16,39,0.0,False
P002,2023-07-17,28,0.0,False
P002,2023-07-18,29,0.0,False
P002,2023-07-19,29,0.0,False
P002,2023-07-20,31,0.0,False
P002,2023-07-21,34,0.0,False
P002,2023-07-22,44,0.0,False
P002,2023-07-23,39,0.0,False
P002,2023-07-24,31,0.0,False
P002,2023-07-25,24,0.0,False
P002,2023-07-26,29,0.0,False
P002,2023-07-27,33,0.0,False
P002,2023-07-28,33,0.0,False
P002,2023-07-29,39,0.0,False
P002,2023-07-30,41,0.0,False
P002,2023-07-31,31,0.0,False
P002,2023-08-01,34,0.0,False
P002,2023-08-02,30,0.0,False
P002,2023-08-03,28,0.0,False
P002,2023-08-04,31,0.0,False
P002,2023-08-05,26,0.0,False
P002,2023-08-06,40,0.0,False
P002,2023-08-07,15,2.8,True
P002,2023-08-08,22,0.0,False
P002,2023-08-09,31,0.0,False
P002,2023-08-10,31,0.0,False
P002,2023-08-11,25,0.0,False
P002,2023-08-12,35,0.0,False
P002,2023-08-13,44,0.0,False
P002,2023-08-14,28,0.0,False
P002,2023-08-15,38,0.0,False
P002,2023-08-16,30,0.0,False
P002,2023-08-17,31,0.0,False
P002,2023-08-18,36,0.0,False
P002,2023-08-19,39,0.0,False
P002,2023-08-20,34,0.0,False
P002,2023-08-21,29,0.0,False
P002,2023-08-22,30,0.0,False
P002,2023-08-23,24,0.0,False
P002,2023-08-24,29,0.0,False
P002,2023-08-25,27,0.0,False
P002,2023-08-26,42,0.0,False
P002,2023-08-27,39,0.0,False
P002,2023-08-28,29,0.0,False
P002,2023-08-29,29,0.0,False
P002,2023-08-30,31,0.0,False
P002,2023-08-31,32,0.0,False
P002,2023-09-01,26,0.0,False
P002,2023-09-02,34,0.0,False
P002,2023-09-03,43,0.0,False
P002,2023-09-04,28,0.0,False
P002,2023-09-05,24,0.0,False
P002,2023-09-06,32,0.0,False
P002,2023-09-07,32,0.0,False
P002,2023-09-08,24,0.0,False
P002,2023-09-09,40,0.0,False
P002,2023-09-10,42,0.0,False
P002,2023-09-11,32,0.0,False
P002,2023-09-12,33,0.0,False
P002,2023-09-13,25,0.0,False
P002,2023-09-14,32,0.0,False
P002,2023-09-15,29,0.0,False
P002,2023-09-16,37,0.0,False
P002,2023-09-17,43,0.0,False
P002,2023-09-18,36,0.0,False
P002,2023-09-19,342,210.2,True
P002,2023-09-20,36,0.0,False
P002,2023-09-21,30,0.0,False
P002,2023-09-22,32,0.0,False
P002,2023-09-23,42,0.0,False
P002,2023-09-24,40,0.0,False
P002,2023-09-25,31,0.0,False
P002,2023-09-26,34,0.0,False
P002,2023-09-27,31,0.0,False
P002,2023-09-28,28,0.0,False
P002,2023-09-29,29,0.0,False
P002,2023-09-30,43,0.0,False
P002,2023-10-01,40,0.0,False
P002,2023-10-02,33,0.0,False
P002,2023-10-03,34,0.0,False
P002,2023-10-04,30,0.0,False
P002,2023-10-05,35,0.0,False
P002,2023-10-06,34,0.0,False
P002,2023-10-07,36,0.0,False
P002,2023-10-08,47,0.8,False
P002,2023-10-09,31,0.0,False
P002,2023-10-10,27,0.0,False
P002,2023-10-11,30,0.0,False
P002,2023-10-12,30,0.0,False
P002,2023-10-13,35,0.0,False
P002,2023-10-14,43,0.0,False
P002,2023-10-15,43,0.0,False
P002,2023-10-16,39,0.0,False
P002,2023-10-17,38,0.0,False
P002,2023-10-18,39,0.0,False
P002,2023-10-19,40,0.0,False
P002,2023-10-20,41,0.0,False
P002,2023-10-21,40,0.0,False
P002,2023-10-22,48,0.0,False
P002,2023-10-23,33,0.0,False
P002,2023-10-24,43,0.0,False
P002,2023-10-25,43,0.0,False
P002,2023-10-26,49,0.0,False
P002,2023-10-27,50,0.0,False
P002,2023-10-28,56,0.0,False
P002,2023-10-29,55,0.0,False
P002,2023-10-30,51,0.8,False
P002,2023-10-31,48,0.0,False
P002,2023-11-01,52,0.0,False
P002,2023-11-02,57,0.0,False
P002,2023-11-03,52,0.0,False
P002,2023-11-04,68,0.8,False
P002,2023-11-05,69,0.0,False
P002,2023-11-06,55,0.0,False
P002,2023-11-07,64,0.0,False
P002,2023-11-08,64,0.0,False
P002,2023-11-09,63,0.0,False
P002,2023-11-10,61,1.0,False
P002,2023-11-11,71,0.0,False
P002,2023-11-12,73,0.0,False
P002,2023-11-13,70,0.0,False
P002,2023-11-14,65,1.0,False
P002,2023-11-15,72,0.6,False
P002,2023-11-16,66,0.0,False
P002,2023-11-17,71,0.0,False
P002,2023-11-18,82,0.8,False
P002,2023-11-19,92,1.2,False
P002,2023-11-20,69,0.0,False
P002,2023-11-21,81,1.2,False
P002,2023-11-22,76,0.4,False
P002,2023-11-23,78,0.8,False
P002,2023-11-24,77,0.6,False
P002,2023-11-25,87,1.2,False
P002,2023-11-26,85,0.6,False
P002,2023-11-27,82,0.8,False
P002,2023-11-28,75,0.6,False
P002,2023-11-29,81,1.2,False
P002,2023-11-30,73,0.0,False
P002,2023-12-01,75,0.6,False
P002,2023-12-02,79,1.2,False
P002,2023-12-03,85,0.6,False
P002,2023-12-04,79,1.2,False
P002,2023-12-05,72,0.6,False
P002,2023-12-06,71,0.0,False
P002,2023-12-07,66,0.0,False
P002,2023-12-08,68,0.8,False
P002,2023-12-09,71,0.0,False
P002,2023-12-10,72,0.6,False
P002,2023-12-11,67,0.0,False
P002,2023-12-12,70,0.0,False
P002,2023-12-13,75,0.6,False
P002,2023-12-14,60,0.0,False
P002,2023-12-15,66,0.0,False
P002,2023-12-16,69,0.0,False
P002,2023-12-17,66,0.0,False
P002,2023-12-18,58,1.0,False
P002,2023-12-19,56,0.0,False
P002,2023-12-20,54,1.0,False
P002,2023-12-21,51,0.8,False
P002,2023-12-22,46,0.0,False
P002,2023-12-23,53,0.0,False
P002,2023-12-24,60,0.0,False
P002,2023-12-25,88888,88713.0,True
P002,2023-12-26,44,0.0,False
P002,2023-12-27,46,0.0,False
P002,2023-12-28,48,0.0,False
P002,2023-12-29,44,0.0,False
P002,2023-12-30,49,0.0,False
P002,2023-12-31,56,0.0,False
P002,2024-01-01,39,0.0,False
P002,2024-01-02,34,0.0,False
P002,2024-01-03,36,0.0,False
P002,2024-01-04,37,0.0,False
P002,2024-01-05,37,0.0,False
P002,2024-01-06,44,0.0,False
P002,2024-01-07,44,0.0,False
P002,2024-01-08,35,0.0,False
P002,2024-01-09,28,0.0,False
P002,2024-01-10,0,9.8,True
P002,2024-01-11,0,9.8,True
P002,2024-01-12,0,9.8,True
P002,2024-01-13,47,0.8,False
P002,2024-01-14,45,0.0,False
P002,2024-01-15,39,0.0,False
P002,2024-01-16,32,0.0,False
P002,2024-01-17,28,0.0,False
P002,2024-01-18,32,0.0,False
P002,2024-01-19,33,0.0,False
P002,2024-01-20,42,0.0,False
P002,2024-01-21,46,0.0,False
P002,2024-01-22,31,0.0,False
P002,2024-01-23,34,0.0,False
P002,2024-01-24,29,0.0,False
P002,2024-01-25,35,0.0,False
P002,2024-01-26,33,0.0,False
P002,2024-01-27,39,0.0,False
P002,2024-01-28,41,0.0,False
P002,2024-01-29,32,0.0,False
P002,2024-01-30,32,0.0,False
P002,2024-01-31,40,0.0,False
P002,2024-02-01,33,0.0,False
P002,2024-02-02,32,0.0,False
P002,2024-02-03,33,0.0,False
P002,2024-02-04,38,0.0,False
P002,2024-02-05,32,0.0,False
P002,2024-02-06,30,0.0,False
P002,2024-02-07,39,0.0,False
P002,2024-02-08,32,0.0,False
P002,2024-02-09,38,0.0,False
P002,2024-02-10,42,0.0,False
P002,2024-02-11,42,0.0,False
P002,2024-02-12,33,0.0,False
P002,2024-02-13,33,0.0,False
P002,2024-02-14,40,0.0,False
P002,2024-02-15,24,0.0,False
P002,2024-02-16,25,0.0,False
P002,2024-02-17,40,0.0,False
P002,2024-02-18,42,0.0,False
P002,2024-02-19,36,0.0,False
P002,2024-02-20,35,0.0,False
P002,2024-02-21,32,0.0,False
P002,2024-02-22,37,0.0,False
P002,2024-02-23,37,0.0,False
P002,2024-02-24,43,0.0,False
P002,2024-02-25,46,0.0,False
P002,2024-02-26,35,0.0,False
P002,2024-02-27,31,0.0,False
P002,2024-02-28,36,0.0,False
P002,2024-02-29,34,0.0,False
P002,2024-03-01,34,0.0,False
P002,2024-03-02,48,0.0,False
P002,2024-03-03,32,0.0,False
P002,2024-03-04,28,0.0,False
P002,2024-03-05,29,0.0,False
P002,2024-03-06,32,0.0,False
P002,2024-03-07,33,0.0,False
P002,2024-03-08,28,0.0,False
P002,2024-03-09,38,0.0,False
P002,2024-03-10,39,0.0,False
P002,2024-03-11,44,0.0,False
P002,2024-03-12,41,0.0,False
P002,2024-03-13,32,0.0,False
P002,2024-03-14,32,0.0,False
P002,2024-03-15,29,0.0,False
P002,2024-03-16,35,0.0,False
P002,2024-03-17,42,0.0,False
P002,2024-03-18,30,0.0,False
P002,2024-03-19,34,0.0,False
P002,2024-03-20,27,0.0,False
P002,2024-03-21,31,0.0,False
P002,2024-03-22,35,0.0,False
P002,2024-03-23,44,0.0,False
P002,2024-03-24,44,0.0,False
P002,2024-03-25,29,0.0,False
P002,2024-03-26,37,0.0,False
P002,2024-03-27,31,0.0,False
P002,2024-03-28,37,0.0,False
P002,2024-03-29,34,0.0,False
P002,2024-03-30,37,0.0,False
P002,2024-03-31,42,0.0,False
P002,2024-04-01,36,0.0,False
P002,2024-04-02,37,0.0,False
P002,2024-04-03,34,0.0,False
P002,2024-04-04,40,0.0,False
P002,2024-04-05,38,0.0,False
P002,2024-04-06,42,0.0,False
P002,2024-04-07,46,0.0,False
P002,2024-04-08,42,0.0,False
P002,2024-04-09,42,0.0,False
P002,2024-04-10,29,0.0,False
P002,2024-04-11,31,0.0,False
P002,2024-04-12,40,0.0,False
P002,2024-04-13,39,0.0,False
P002,2024-04-14,38,0.0,False
P002,2024-04-15,32,0.0,False
P002,2024-04-16,36,0.0,False
P002,2024-04-17,34,0.0,False
P002,2024-04-18,32,0.0,False
P002,2024-04-19,32,0.0,False
P002,2024-04-20,40,0.0,False
P002,2024-04-21,40,0.0,False
P002,2024-04-22,44,0.0,False
P002,2024-04-23,36,0.0,False
P002,2024-04-24,38,0.0,False
P002,2024-04-25,33,0.0,False
P002,2024-04-26,34,0.0,False
P002,2024-04-27,41,0.0,False
P002,2024-04-28,33,0.0,False
P002,2024-04-29,29,0.0,False
P002,2024-04-30,27,0.0,False
P002,2024-05-01,36,0.0,False
P002,2024-05-02,42,0.0,False
P002,2024-05-03,56,0.0,False
P002,2024-05-04,60,0.0,False
P002,2024-05-05,69,0.0,False
P002,2024-05-06,50,0.0,False
P002,2024-05-07,53,0.0,False
P002,2024-05-08,43,0.0,False
P002,2024-05-09,52,0.0,False
P002,2024-05-10,53,0.0,False
P002,2024-05-11,57,0.0,False
P002,2024-05-12,64,0.0,False
P002,2024-05-13,52,0.0,False
P002,2024-05-14,46,0.0,False
P002,2024-05-15,43,0.0,False
P002,2024-05-16,42,0.0,False
P002,2024-05-17,49,0.0,False
P002,2024-05-18,63,0.0,False
P002,2024-05-19,57,0.0,False
P002,2024-05-20,49,0.0,False
P002,2024-05-21,52,0.0,False
P002,2024-05-22,53,0.0,False
P002,2024-05-23,57,0.0,False
P002,2024-05-24,56,0.0,False
P002,2024-05-25,56,0.0,False
P002,2024-05-26,71,0.0,False
P002,2024-05-27,46,0.0,False
P002,2024-05-28,55,0.0,False
P002,2024-05-29,50,0.0,False
P002,2024-05-30,48,0.0,False
P002,2024-05-31,39,0.0,False
P002,2024-06-01,60,0.0,False
P002,2024-06-02,53,0.0,False
P002,2024-06-03,55,0.0,False
P002,2024-06-04,57,0.0,False
P002,2024-06-05,45,0.0,False
P002,2024-06-06,52,0.0,False
P002,2024-06-06,66,0.0,False
P002,2024-06-07,46,0.0,False
P002,2024-06-08,59,0.0,False
P002,2024-06-09,66,0.0,False
P002,2024-06-10,49,0.0,False
P002,2024-06-11,59,0.0,False
P002,2024-06-12,48,0.0,False
P002,2024-06-13,56,0.0,False
P002,2024-06-14,50,0.0,False
P002,2024-06-15,67,0.0,False
P002,2024-06-16,60,0.0,False
P002,2024-06-17,49,0.0,False
P002,2024-06-18,49,0.0,False
P002,2024-06-19,45,0.0,False
P002,2024-06-20,53,0.0,False
P002,2024-06-21,53,0.0,False
P002,2024-06-22,66,0.0,False
P002,2024-06-23,71,0.0,False
P002,2024-06-24,59,0.0,False
P002,2024-06-25,48,0.0,False
P002,2024-06-26,52,0.0,False
P002,2024-06-27,46,0.0,False
P002,2024-06-28,50,0.0,False
P002,2024-06-29,59,0.0,False
P002,2024-06-30,71,0.0,False
P002,2024-07-01,52,0.0,False
P002,2024-07-02,49,0.0,False
P002,2024-07-03,57,0.0,False
P002,2024-07-04,38,0.0,False
P002,2024-07-05,39,0.0,False
P002,2024-07-06,67,0.0,False
P002,2024-07-07,63,0.0,False
P002,2024-07-08,52,0.0,False
P002,2024-07-09,43,0.0,False
P002,2024-07-10,50,0.0,False
P002,2024-07-11,62,0.4,False
P002,2024-07-12,55,0.0,False
P002,2024-07-13,64,0.0,False
P002,2024-07-14,60,0.0,False
P002,2024-07-15,49,0.0,False
P002,2024-07-16,39,0.0,False
P002,2024-07-17,52,0.0,False
P002,2024-07-18,56,0.0,False
P002,2024-07-19,42,0.0,False
P002,2024-07-20,59,0.0,False
P002,2024-07-21,56,0.0,False
P002,2024-07-22,45,0.0,False
P002,2024-07-23,52,0.0,False
P002,2024-07-24,39,0.0,False
P002,2024-07-25,55,0.0,False
P002,2024-07-26,55,0.0,False
P002,2024-07-27,62,0.4,False
P002,2024-07-28,49,0.0,False
P002,2024-07-29,46,0.0,False
P002,2024-07-30,57,0.0,False
P002,2024-07-31,35,0.0,False
P002,2024-08-01,49,0.0,False
P002,2024-08-02,45,0.0,False
P002,2024-08-03,69,0.0,False
P002,2024-08-04,60,0.0,False
P002,2024-08-05,53,0.0,False
P002,2024-08-06,55,0.0,False
P002,2024-08-07,62,0.4,False
P002,2024-08-08,50,0.0,False
P002,2024-08-09,53,0.0,False
P002,2024-08-10,56,0.0,False
P002,2024-08-11,70,0.0,False
P002,2024-08-12,48,0.0,False
P002,2024-08-13,49,0.0,False
P002,2024-08-14,52,0.0,False
P002,2024-08-15,43,0.0,False
P002,2024-08-16,53,0.0,False
P002,2024-08-17,70,0.0,False
P002,2024-08-18,66,0.0,False
P002,2024-08-19,43,0.0,False
P002,2024-08-20,50,0.0,False
P002,2024-08-21,56,0.0,False
P002,2024-08-22,41,0.0,False
P002,2024-08-23,46,0.0,False
P002,2024-08-24,69,0.0,False
P002,2024-08-25,66,0.0,False
P002,2024-08-26,55,0.0,False
P002,2024-08-27,63,0.0,False
P002,2024-08-28,55,0.0,False
P002,2024-08-29,56,0.0,False
P002,2024-08-30,67,0.0,False
P002,2024-08-31,63,0.0,False
P002,2024-09-01,60,0.0,False
P002,2024-09-02,55,0.0,False
P002,2024-09-03,55,0.0,False
P002,2024-09-04,49,0.0,False
P002,2024-09-05,46,0.0,False
P002,2024-09-06,66,0.0,False
P002,2024-09-07,66,0.0,False
P002,2024-09-08,60,0.0,False
P002,2024-09-09,57,0.0,False
P002,2024-09-10,52,0.0,False
P002,2024-09-11,50,0.0,False
P002,2024-09-12,56,0.0,False
P002,2024-09-13,45,0.0,False
P002,2024-09-14,67,0.0,False
P002,2024-09-15,76,0.4,False
P002,2024-09-16,55,0.0,False
P002,2024-09-17,50,0.0,False
P002,2024-09-18,50,0.0,False
P002,2024-09-19,50,0.0,False
P002,2024-09-20,52,0.0,False
P002,2024-09-21,63,0.0,False
P002,2024-09-22,70,0.0,False
P002,2024-09-23,43,0.0,False
P002,2024-09-24,57,0.0,False
P002,2024-09-25,52,0.0,False
P002,2024-09-26,56,0.0,False
P002,2024-09-27,48,0.0,False
P002,2024-09-28,73,0.0,False
P002,2024-09-29,73,0.0,False
P002,2024-09-30,59,0.0,False
P002,2024-10-01,46,0.0,False
P002,2024-10-02,59,0.0,False
P002,2024-10-03,57,0.0,False
P002,2024-10-04,46,0.0,False
P002,2024-10-05,67,0.0,False
P002,2024-10-06,70,0.0,False
P002,2024-10-07,59,0.0,False
P002,2024-10-08,57,0.0,False
P002,2024-10-09,59,0.0,False
P002,2024-10-10,66,0.0,False
P002,2024-10-11,64,0.0,False
P002,2024-10-12,55,0.0,False
P002,2024-10-13,70,0.0,False
P002,2024-10-14,59,0.0,False
P002,2024-10-15,52,0.0,False
P002,2024-10-16,63,0.0,False
P002,2024-10-17,70,0.0,False
P002,2024-10-18,57,0.0,False
P002,2024-10-19,78,0.8,False
P002,2024-10-20,73,0.0,False
P002,2024-10-21,63,0.0,False
P002,2024-10-22,77,0.6,False
P002,2024-10-23,67,0.0,False
P002,2024-10-24,74,0.8,False
P002,2024-10-25,62,0.4,False
P002,2024-10-26,97,0.6,False
P002,2024-10-27,91,1.2,False
P002,2024-10-28,76,0.4,False
P002,2024-10-29,83,0.4,False
P002,2024-10-30,73,0.0,False
P002,2024-10-31,90,1.8,True
P002,2024-11-01,83,0.4,False
P002,2024-11-02,98,0.0,False
P002,2024-11-03,98,0.0,False
P002,2024-11-04,87,1.2,False
P002,2024-11-05,97,0.6,False
P002,2024-11-06,95,2.0,True
P002,2024-11-07,99,1.0,False
P002,2024-11-08,98,0.0,False
P002,2024-11-09,115,0.4,False
P002,2024-11-10,112,0.8,False
P002,2024-11-11,116,0.8,False
P002,2024-11-12,97,0.6,False
P002,2024-11-13,113,1.2,False
P002,2024-11-14,116,0.8,False
P002,2024-11-15,105,0.6,False
P002,2024-11-16,136,7.4,True
P002,2024-11-17,130,5.0,True
P002,2024-11-18,119,1.6,True
P002,2024-11-19,115,0.4,False
P002,2024-11-20,115,0.4,False
P002,2024-11-21,115,0.4,False
P002,2024-11-22,119,1.6,True
P002,2024-11-23,137,8.2,True
P002,2024-11-24,130,5.0,True
P002,2024-11-25,112,0.8,False
P002,2024-11-26,122,1.4,True
P002,2024-11-27,122,1.4,True
P002,2024-11-28,120,1.2,False
P002,2024-11-29,120,1.2,False
P002,2024-11-30,126,4.0,True
P002,2024-12-01,122,1.4,False
P002,2024-12-02,109,2.0,True
P002,2024-12-03,104,1.0,False
P002,2024-12-04,113,1.2,False
P002,2024-12-05,109,2.0,True
P002,2024-12-06,106,0.6,False
P002,2024-12-07,104,1.0,False
P002,2024-12-08,111,1.2,False
P002,2024-12-09,111,1.2,False
P002,2024-12-10,98,0.0,False
P002,2024-12-11,102,2.6,True
P002,2024-12-12,91,1.2,False
P002,2024-12-13,105,0.6,False
P002,2024-12-14,106,0.6,False
P002,2024-12-15,106,0.6,False
P002,2024-12-16,105,0.6,False
P002,2024-12-17,98,0.0,False
P002,2024-12-18,85,0.6,False
P002,2024-12-19,83,0.4,False
P002,2024-12-20,83,0.4,False
P002,2024-12-21,98,0.0,False
P002,2024-12-22,92,1.2,False
P002,2024-12-23,77,0.6,False
P002,2024-12-24,85,0.6,False
P002,2024-12-25,76,0.4,False
P002,2024-12-26,87,1.2,False
P002,2024-12-27,73,0.0,False
P002,2024-12-28,94,2.2,True
P002,2024-12-29,84,1.0,False
P002,2024-12-30,74,0.8,False
P002,2024-12-31,64,0.0,False
P003,2023-01-01,0,0.0,True
P003,2023-01-02,0,0.0,True
P003,2023-01-03,0,0.0,True
P003,2023-01-04,0,0.0,True
P003,2023-01-05,1,0.0,True
P003,2023-01-06,0,0.0,True
P003,2023-01-07,0,0.0,True
P003,2023-01-08,0,0.0,True
P003,2023-01-09,4,0.0,True
P003,2023-01-10,0,0.0,True
P003,2023-01-11,4,0.0,True
P003,2023-01-12,3,0.0,True
P003,2023-01-13,0,0.0,True
P003,2023-01-14,4,0.0,False
P003,2023-01-15,8,0.2,True
P003,2023-01-16,0,0.0,False
P003,2023-01-17,0,0.0,False
P003,2023-01-18,7,0.0,False
P003,2023-01-19,5,0.0,False
P003,2023-01-20,0,0.0,False
P003,2023-01-21,0,0.0,False
P003,2023-01-22,5,0.0,False
P003,2023-01-23,0,0.0,False
P003,2023-01-24,2,0.0,False
P003,2023-01-25,0,0.0,False
P003,2023-01-26,1,0.0,False
P003,2023-01-27,5,0.0,False
P003,2023-01-28,4,0.0,False
P003,2023-01-29,3,0.0,False
P003,2023-01-30,4,0.0,False
P003,2023-01-31,3,0.0,False
P003,2023-02-01,2,0.0,False
P003,2023-02-02,0,0.0,False
P003,2023-02-03,2,0.0,False
P003,2023-02-04,0,0.0,False
P003,2023-02-05,2,0.0,False
P003,2023-02-06,5,0.0,False
P003,2023-02-07,0,0.0,False
P003,2023-02-08,0,0.0,False
P003,2023-02-09,0,0.0,False
P003,2023-02-10,7,0.0,False
P003,2023-02-11,0,0.0,False
P003,2023-02-12,0,0.0,False
P003,2023-02-13,5,0.0,False
P003,2023-02-14,2,0.0,False
P003,2023-02-15,0,0.0,False
P003,2023-02-16,0,0.0,False
P003,2023-02-17,4,0.0,False
P003,2023-02-18,4,0.0,False
P003,2023-02-19,5,0.0,False
P003,2023-02-20,0,0.0,False
P003,2023-02-21,0,0.0,False
P003,2023-02-22,0,0.0,False
P003,2023-02-23,4,0.0,False
P003,2023-02-24,0,0.0,False
P003,2023-02-25,0,0.0,False
P003,2023-02-26,3,0.0,False
P003,2023-02-27,2,0.0,False
P003,2023-02-28,1,0.0,False
P003,2023-03-01,0,0.0,False
P003,2023-03-02,0,0.0,False
P003,2023-03-03,0,0.0,False
P003,2023-03-04,0,0.0,False
P003,2023-03-05,0,0.0,False
P003,2023-03-06,0,0.0,False
P003,2023-03-07,4,0.0,False
P003,2023-03-08,2,0.0,False
P003,2023-03-09,5,0.0,False
P003,2023-03-10,0,0.0,False
P003,2023-03-11,0,0.0,False
P003,2023-03-12,0,0.0,False
P003,2023-03-13,0,0.0,False
P003,2023-03-14,0,0.0,False
P003,2023-03-15,0,0.0,False
P003,2023-03-16,5,0.0,False
P003,2023-03-17,0,0.0,False
P003,2023-03-18,2,0.0,False
P003,2023-03-19,0,0.0,False
P003,2023-03-20,0,0.0,False
P003,2023-03-21,0,0.0,False
P003,2023-03-22,0,0.0,False
P003,2023-03-23,0,0.0,False
P003,2023-03-24,7,0.0,False
P003,2023-03-25,0,0.0,False
P003,2023-03-26,0,0.0,False
P003,2023-03-27,2,0.0,False
P003,2023-03-28,0,0.0,False
P003,2023-03-29,5,0.0,False
P003,2023-03-30,0,0.0,False
P003,2023-03-31,3,0.0,False
P003,2023-04-01,0,0.0,False
P003,2023-04-02,0,0.0,False
P003,2023-04-03,1,0.0,False
P003,2023-04-04,3,0.0,False
P003,2023-04-05,0,0.0,False
P003,2023-04-06,6,0.0,False
P003,2023-04-07,0,0.0,False
P003,2023-04-08,0,0.0,False
P003,2023-04-09,0,0.0,False
P003,2023-04-10,4,0.0,False
P003,2023-04-11,0,0.0,False
P003,2023-04-12,2,0.0,False
P003,2023-04-13,0,0.0,False
P003,2023-04-14,3,0.0,False
P003,2023-04-15,2,0.0,False
P003,2023-04-16,0,0.0,False
P003,2023-04-17,0,0.0,False
P003,2023-04-18,0,0.0,False
P003,2023-04-19,4,0.0,False
P003,2023-04-20,0,0.0,False
P003,2023-04-21,0,0.0,False
P003,2023-04-22,0,0.0,False
P003,2023-04-23,1,0.0,False
P003,2023-04-24,0,0.0,False
P003,2023-04-25,0,0.0,False
P003,2023-04-26,6,0.0,False
P003,2023-04-27,0,0.0,False
P003,2023-04-28,5,0.0,False
P003,2023-04-29,0,0.0,False
P003,2023-04-30,0,0.0,False
P003,2023-05-01,5,0.0,False
P003,2023-05-02,3,0.0,False
P003,2023-05-03,4,0.0,False
P003,2023-05-04,0,0.0,False
P003,2023-05-05,0,0.0,False
P003,2023-05-06,0,0.0,False
P003,2023-05-07,0,0.0,False
P003,2023-05-08,0,0.0,False
P003,2023-05-09,0,0.0,False
P003,2023-05-13,0,0.0,False
P003,2023-05-14,5,0.0,False
P003,2023-05-15,5,0.0,False
P003,2023-05-16,0,0.0,False
P003,2023-05-17,7,0.0,False
P003,2023-05-18,2,0.0,False
P003,2023-05-19,0,0.0,False
P003,2023-05-20,0,0.0,False
P003,2023-05-21,0,0.0,False
P003,2023-05-22,0,0.0,False
P003,2023-05-23,3,0.0,False
P003,2023-05-24,7,0.0,False
P003,2023-05-25,0,0.0,False
P003,2023-05-26,4,0.0,False
P003,2023-05-27,0,0.0,False
P003,2023-05-28,3,0.0,False
P003,2023-05-29,5,0.0,False
P003,2023-05-30,0,0.0,False
P003,2023-05-31,0,0.0,False
P003,2023-06-01,4,0.0,False
P003,2023-06-02,3,0.0,False
P003,2023-06-03,0,0.0,False
P003,2023-06-04,0,0.0,False
P003,2023-06-05,0,0.0,False
P003,2023-06-06,5,0.0,False
P003,2023-06-07,2,0.0,False
P003,2023-06-08,5,0.0,False
P003,2023-06-09,4,0.0,False
P003,2023-06-10,6,0.0,False
P003,2023-06-11,6,0.0,False
P003,2023-06-12,0,0.0,False
P003,2023-06-13,6,0.0,False
P003,2023-06-14,0,0.0,False
P003,2023-06-15,0,0.0,False
P003,2023-06-16,5,0.0,False
P003,2023-06-17,6,0.0,False
P003,2023-06-18,2,0.0,False
P003,2023-06-19,0,0.0,False
P003,2023-06-20,0,0.0,False
P003,2023-06-21,0,0.0,False
P003,2023-06-22,0,0.0,False
P003,2023-06-23,0,0.0,False
P003,2023-06-24,0,0.0,False
P003,2023-06-25,0,0.0,False
P003,2023-06-26,4,0.0,False
P003,2023-06-27,0,0.0,False
P003,2023-06-28,0,0.0,False
P003,2023-06-29,5,0.0,False
P003,2023-06-30,0,0.0,False
P003,2023-07-01,5,0.0,False
P003,2023-07-02,1,0.0,False
P003,2023-07-03,0,0.0,False
P003,2023-07-04,4,0.0,False
P003,2023-07-05,6,0.0,False
P003,2023-07-06,4,0.0,False
P003,2023-07-07,3,0.0,False
P003,2023-07-08,3,0.0,False
P003,2023-07-09,7,0.0,False
P003,2023-07-10,0,0.0,False
P003,2023-07-11,3,0.0,False
P003,2023-07-12,4,0.0,False
P003,2023-07-13,1,0.0,False
P003,2023-07-14,5,0.0,False
P003,2023-07-15,0,0.0,False
P003,2023-07-16,6,0.0,False
P003,2023-07-17,4,0.0,False
P003,2023-07-18,0,0.0,False
P003,2023-07-19,0,0.0,False
P003,2023-07-20,0,0.0,False
P003,2023-07-21,0,0.0,False
P003,2023-07-22,6,0.0,False
P003,2023-07-23,0,0.0,False
P003,2023-07-24,0,0.0,False
P003,2023-07-25,4,0.0,False
P003,2023-07-26,5,0.0,False
P003,2023-07-27,3,0.0,False
P003,2023-07-28,4,0.0,False
P003,2023-07-29,1,0.0,False
P003,2023-07-30,4,0.0,False
P003,2023-07-31,5,0.0,False
P003,2023-08-01,0,0.0,False
P003,2023-08-02,1,0.0,False
P003,2023-08-03,0,0.0,False
P003,2023-08-04,0,0.0,False
P003,2023-08-05,0,0.0,False
P003,2023-08-06,3,0.0,False
P003,2023-08-07,1,0.0,False
P003,2023-08-08,0,0.0,False
P003,2023-08-09,3,0.0,False
P003,2023-08-10,0,0.0,False
P003,2023-08-11,3,0.0,False
P003,2023-08-12,5,0.0,False
P003,2023-08-13,3,0.0,False
P003,2023-08-14,4,0.0,False
P003,2023-08-15,0,0.0,False
P003,2023-08-16,0,0.0,False
P003,2023-08-17,3,0.0,False
P003,2023-08-18,1,0.0,False
P003,2023-08-19,0,0.0,False
P003,2023-08-20,0,0.0,False
P003,2023-08-21,0,0.0,False
P003,2023-08-22,0,0.0,False
P003,2023-08-23,0,0.0,False
P003,2023-08-24,0,0.0,False
P003,2023-08-25,1,0.0,False
P003,2023-08-26,0,0.0,False
P003,2023-08-27,0,0.0,False
P003,2023-08-28,0,0.0,False
P003,2023-08-29,0,0.0,False
P003,2023-08-30,3,0.0,False
P003,2023-08-31,0,0.0,False
P003,2023-09-01,8,0.2,True
P003,2023-09-02,3,0.0,False
P003,2023-09-03,0,0.0,False
P003,2023-09-04,6,0.0,False
P003,2023-09-05,4,0.0,False
P003,2023-09-06,0,0.0,False
P003,2023-09-07,0,0.0,False
P003,2023-09-08,5,0.0,False
P003,2023-09-09,4,0.0,False
P003,2023-09-10,0,0.0,False
P003,2023-09-11,4,0.0,False
P003,2023-09-12,0,0.0,False
P003,2023-09-13,3,0.0,False
P003,2023-09-14,0,0.0,False
P003,2023-09-15,0,0.0,False
P003,2023-09-16,6,0.0,False
P003,2023-09-17,1,0.0,False
P003,2023-09-18,3,0.0,False
P003,2023-09-19,0,0.0,False
P003,2023-09-20,0,0.0,False
P003,2023-09-21,4,0.0,False
P003,2023-09-22,2,0.0,False
P003,2023-09-23,0,0.0,False
P003,2023-09-24,4,0.0,False
P003,2023-09-25,0,0.0,False
P003,2023-09-26,0,0.0,False
P003,2023-09-27,0,0.0,False
P003,2023-09-28,0,0.0,False
P003,2023-09-29,0,0.0,False
P003,2023-09-30,3,0.0,False
P003,2023-10-01,0,0.0,False
P003,2023-10-02,0,0.0,False
P003,2023-10-03,0,0.0,False
P003,2023-10-04,0,0.0,False
P003,2023-10-05,0,0.0,False
P003,2023-10-06,3,0.0,False
P003,2023-10-07,0,0.0,False
P003,2023-10-08,5,0.0,False
P003,2023-10-09,1,0.0,False
P003,2023-10-10,0,0.0,False
P003,2023-10-11,2,0.0,False
P003,2023-10-12,3,0.0,False
P003,2023-10-13,5,0.0,False
P003,2023-10-14,3,0.0,False
P003,2023-10-15,6,0.0,False
P003,2023-10-16,2,0.0,False
P003,2023-10-17,3,0.0,False
P003,2023-10-18,0,0.0,False
P003,2023-10-19,3,0.0,False
P003,2023-10-20,6,0.0,False
P003,2023-10-21,5,0.0,False
P003,2023-10-22,0,0.0,False
P003,2023-10-23,0,0.0,False
P003,2023-10-24,0,0.0,False
P003,2023-10-25,0,0.0,False
P003,2023-10-26,0,0.0,False
P003,2023-10-27,0,0.0,False
P003,2023-10-28,0,0.0,False
P003,2023-10-29,0,0.0,False
P003,2023-10-30,0,0.0,False
P003,2023-10-31,4,0.0,False
P003,2023-11-01,0,0.0,False
P003,2023-11-02,0,0.0,False
P003,2023-11-03,0,0.0,False
P003,2023-11-04,0,0.0,False
P003,2023-11-05,0,0.0,False
P003,2023-11-06,4,0.0,False
P003,2023-11-07,1,0.0,False
P003,2023-11-08,0,0.0,False
P003,2023-11-09,6,0.0,False
P003,2023-11-10,0,0.0,False
P003,2023-11-11,0,0.0,False
P003,2023-11-12,0,0.0,False
P003,2023-11-13,0,0.0,False
P003,2023-11-14,7,0.0,False
P003,2023-11-15,6,0.0,False
P003,2023-11-16,4,0.0,False
P003,2023-11-17,0,0.0,False
P003,2023-11-18,2,0.0,False
P003,2023-11-19,0,0.0,False
P003,2023-11-20,0,0.0,False
P003,2023-11-21,0,0.0,False
P003,2023-11-22,1,0.0,False
P003,2023-11-23,5,0.0,False
P003,2023-11-24,0,0.0,False
P003,2023-11-25,1,0.0,False
P003,2023-11-26,4,0.0,False
P003,2023-11-27,5,0.0,False
P003,2023-11-28,0,0.0,False
P003,2023-11-29,2,0.0,False
P003,2023-11-30,3,0.0,False
P003,2023-12-01,3,0.0,False
P003,2023-12-02,0,0.0,False
P003,2023-12-03,3,0.0,False
P003,2023-12-04,0,0.0,False
P003,2023-12-05,4,0.0,False
P003,2023-12-06,0,0.0,False
P003,2023-12-07,0,0.0,False
P003,2023-12-08,0,0.0,False
P003,2023-12-09,0,0.0,False
P003,2023-12-10,0,0.0,False
P003,2023-12-11,0,0.0,False
P003,2023-12-12,0,0.0,False
P003,2023-12-13,0,0.0,False
P003,2023-12-14,6,0.0,False
P003,2023-12-15,2,0.0,False
P003,2023-12-16,2,0.0,False
P003,2023-12-17,0,0.0,False
P003,2023-12-18,0,0.0,False
P003,2023-12-19,4,0.0,False
P003,2023-12-20,0,0.0,False
P003,2023-12-21,0,0.0,False
P003,2023-12-22,6,0.0,False
P003,2023-12-23,5,0.0,False
P003,2023-12-24,0,0.0,False
P003,2023-12-25,2,0.0,False
P003,2023-12-26,0,0.0,False
P003,2023-12-27,6,0.0,False
P003,2023-12-28,0,0.0,False
P003,2023-12-29,0,0.0,False
P003,2023-12-30,5,0.0,False
P003,2023-12-31,0,0.0,False
P003,2024-01-01,7,0.0,False
P003,2024-01-02,0,0.0,False
P003,2024-01-03,4,0.0,False
P003,2024-01-04,5,0.0,False
P003,2024-01-05,0,0.0,False
P003,2024-01-06,2,0.0,False
P003,2024-01-07,0,0.0,False
P003,2024-01-08,0,0.0,False
P003,2024-01-09,0,0.0,False
P003,2024-01-10,4,0.0,False
P003,2024-01-11,3,0.0,False
P003,2024-01-12,7,0.0,False
P003,2024-01-13,2,0.0,False
P003,2024-01-14,3,0.0,False
P003,2024-01-15,0,0.0,False
P003,2024-01-16,6,0.0,False
P003,2024-01-17,1,0.0,False
P003,2024-01-18,0,0.0,False
P003,2024-01-19,2,0.0,False
P003,2024-01-20,0,0.0,False
P003,2024-01-21,0,0.0,False
P003,2024-01-22,0,0.0,False
P003,2024-01-23,0,0.0,False
P003,2024-01-24,0,0.0,False
P003,2024-01-25,4,0.0,False
P003,2024-01-26,3,0.0,False
P003,2024-01-27,0,0.0,False
P003,2024-01-28,0,0.0,False
P003,2024-01-29,0,0.0,False
P003,2024-01-30,0,0.0,False
P003,2024-01-31,6,0.0,False
P003,2024-02-01,0,0.0,False
P003,2024-02-02,1,0.0,False
P003,2024-02-03,5,0.0,False
P003,2024-02-04,2,0.0,False
P003,2024-02-05,7,0.0,False
P003,2024-02-06,0,0.0,False
P003,2024-02-07,5,0.0,False
P003,2024-02-08,4,0.0,False
P003,2024-02-09,4,0.0,False
P003,2024-02-10,5,0.0,False
P003,2024-02-11,3,0.0,False
P003,2024-02-12,4,0.0,False
P003,2024-02-13,0,0.0,False
P003,2024-02-14,3,0.0,False
P003,2024-02-15,3,0.0,False
P003,2024-02-16,0,0.0,False
P003,2024-02-17,2,0.0,False
P003,2024-02-18,0,0.0,False
P003,2024-02-19,5,0.0,False
P003,2024-02-20,0,0.0,False
P003,2024-02-21,0,0.0,False
P003,2024-02-22,1,0.0,False
P003,2024-02-23,0,0.0,False
P003,2024-02-24,0,0.0,False
P003,2024-02-25,0,0.0,False
P003,2024-02-26,0,0.0,False
P003,2024-02-27,2,0.0,False
P003,2024-02-28,5,0.0,False
P003,2024-02-29,0,0.0,False
P003,2024-03-01,4,0.0,False
P003,2024-03-02,0,0.0,False
P003,2024-03-03,5,0.0,False
P003,2024-03-04,0,0.0,False
P003,2024-03-05,0,0.0,False
P003,2024-03-06,0,0.0,False
P003,2024-03-07,2,0.0,False
P003,2024-03-08,0,0.0,False
P003,2024-03-09,0,0.0,False
P003,2024-03-10,1,0.0,False
P003,2024-03-11,5,0.0,False
P003,2024-03-12,0,0.0,False
P003,2024-03-13,2,0.0,False
P003,2024-03-14,3,0.0,False
P003,2024-03-15,0,0.0,False
P003,2024-03-16,5,0.0,False
P003,2024-03-17,0,0.0,False
P003,2024-03-18,5,0.0,False
P003,2024-03-19,0,0.0,False
P003,2024-03-20,4,0.0,False
P003,2024-03-21,0,0.0,False
P003,2024-03-22,0,0.0,False
P003,2024-03-23,5,0.0,False
P003,2024-03-24,0,0.0,False
P003,2024-03-25,5,0.0,False
P003,2024-03-26,5,0.0,False
P003,2024-03-27,4,0.0,False
P003,2024-03-28,0,0.0,False
P003,2024-03-29,4,0.0,False
P003,2024-03-30,0,0.0,False
P003,2024-03-31,0,0.0,False
P003,2024-04-01,3,0.0,False
P003,2024-04-02,1,0.0,False
P003,2024-04-03,0,0.0,False
P003,2024-04-04,0,0.0,False
P003,2024-04-05,2,0.0,False
P003,2024-04-06,6,0.0,False
P003,2024-04-07,0,0.0,False
P003,2024-04-08,2,0.0,False
P003,2024-04-09,0,0.0,False
P003,2024-04-10,0,0.0,False
P003,2024-04-11,6,0.0,False
P003,2024-04-12,5,0.0,False
P003,2024-04-13,0,0.0,False
P003,2024-04-14,0,0.0,False
P003,2024-04-15,0,0.0,False
P003,2024-04-16,-5,5.0,True
P003,2024-04-17,0,0.0,False
P003,2024-04-18,0,0.0,False
P003,2024-04-19,4,0.0,False
P003,2024-04-20,0,0.0,False
P003,2024-04-21,3,0.0,False
P003,2024-04-22,0,0.0,False
P003,2024-04-23,1,0.0,False
P003,2024-04-24,0,0.0,False
P003,2024-04-25,0,0.0,False
P003,2024-04-26,0,0.0,False
P003,2024-04-27,3,0.0,False
P003,2024-04-28,2,0.0,False
P003,2024-04-29,0,0.0,False
P003,2024-04-30,0,0.0,False
P003,2024-05-01,2,0.0,False
P003,2024-05-02,0,0.0,False
P003,2024-05-03,0,0.0,False
P003,2024-05-04,4,0.0,False
P003,2024-05-05,0,0.0,False
P003,2024-05-06,0,0.0,False
P003,2024-05-07,0,0.0,False
P003,2024-05-08,0,0.0,False
P003,2024-05-09,0,0.0,False
P003,2024-05-10,2,0.0,False
P003,2024-05-11,3,0.0,False
P003,2024-05-12,0,0.0,False
P003,2024-05-13,4,0.0,False
P003,2024-05-14,0,0.0,False
P003,2024-05-15,3,0.0,False
P003,2024-05-16,0,0.0,False
P003,2024-05-17,3,0.0,False
P003,2024-05-18,0,0.0,False
P003,2024-05-19,0,0.0,False
P003,2024-05-20,0,0.0,False
P003,2024-05-21,0,0.0,False
P003,2024-05-22,0,0.0,False
P003,2024-05-23,4,0.0,False
P003,2024-05-24,3,0.0,False
P003,2024-05-25,0,0.0,False
P003,2024-05-26,7,0.0,False
P003,2024-05-27,1,0.0,False
P003,2024-05-28,6,0.0,False
P003,2024-05-29,2,0.0,False
P003,2024-05-30,4,0.0,False
P003,2024-05-31,0,0.0,False
P003,2024-06-01,5,0.0,False
P003,2024-06-02,4,0.0,False
P003,2024-06-03,0,0.0,False
P003,2024-06-04,0,0.0,False
P003,2024-06-05,0,0.0,False
P003,2024-06-06,2,0.0,False
P003,2024-06-07,0,0.0,False
P003,2024-06-08,4,0.0,False
P003,2024-06-09,2,0.0,False
P003,2024-06-10,2,0.0,False
P003,2024-06-11,0,0.0,False
P003,2024-06-12,5,0.0,False
P003,2024-06-13,5,0.0,False
P003,2024-06-14,0,0.0,False
P003,2024-06-15,6,0.0,False
P003,2024-06-16,0,0.0,False
P003,2024-06-17,5,0.0,False
P003,2024-06-18,0,0.0,False
P003,2024-06-19,0,0.0,False
P003,2024-06-20,0,0.0,False
P003,2024-06-21,0,0.0,False
P003,2024-06-22,0,0.0,False
P003,2024-06-23,3,0.0,False
P003,2024-06-24,0,0.0,False
P003,2024-06-25,0,0.0,False
P003,2024-06-26,1,0.0,False
P003,2024-06-27,6,0.0,False
P003,2024-06-28,0,0.0,False
P003,2024-06-29,2,0.0,False
P003,2024-06-30,0,0.0,False
P003,2024-07-01,5,0.0,False
P003,2024-07-02,0,0.0,False
P003,2024-07-03,8,0.2,True
P003,2024-07-04,5,0.0,False
P003,2024-07-05,4,0.0,False
P003,2024-07-06,7,0.0,False
P003,2024-07-07,4,0.0,False
P003,2024-07-08,0,0.0,False
P003,2024-07-09,3,0.0,False
P003,2024-07-10,5,0.0,False
P003,2024-07-11,5,0.0,False
P003,2024-07-12,0,0.0,False
P003,2024-07-13,0,0.0,False
P003,2024-07-14,4,0.0,False
P003,2024-07-15,0,0.0,False
P003,2024-07-16,0,0.0,False
P003,2024-07-17,0,0.0,False
P003,2024-07-18,5,0.0,False
P003,2024-07-19,0,0.0,False
P003,2024-07-20,0,0.0,False
P003,2024-07-21,0,0.0,False
P003,2024-07-22,7,0.0,False
P003,2024-07-23,3,0.0,False
P003,2024-07-24,0,0.0,False
P003,2024-07-25,0,0.0,False
P003,2024-07-26,4,0.0,False
P003,2024-07-27,0,0.0,False
P003,2024-07-28,3,0.0,False
P003,2024-07-29,0,0.0,False
P003,2024-07-30,2,0.0,False
P003,2024-07-31,0,0.0,False
P003,2024-08-01,6,0.0,False
P003,2024-08-02,0,0.0,False
P003,2024-08-03,8,0.2,True
P003,2024-08-04,2,0.0,False
P003,2024-08-05,1,0.0,False
P003,2024-08-06,0,0.0,False
P003,2024-08-07,0,0.0,False
P003,2024-08-08,5,0.0,False
P003,2024-08-09,4,0.0,False
P003,2024-08-10,0,0.0,False
P003,2024-08-11,0,0.0,False
P003,2024-08-12,0,0.0,False
P003,2024-08-13,6,0.0,False
P003,2024-08-14,10,1.4,True
P003,2024-08-15,5,0.0,False
P003,2024-08-16,5,0.0,False
P003,2024-08-17,0,0.0,False
P003,2024-08-18,0,0.0,False
P003,2024-08-19,0,0.0,False
P003,2024-08-20,2,0.0,False
P003,2024-08-21,0,0.0,False
P003,2024-08-22,0,0.0,False
P003,2024-08-23,0,0.0,False
P003,2024-08-24,0,0.0,False
P003,2024-08-25,3,0.0,False
P003,2024-08-26,0,0.0,False
P003,2024-08-27,0,0.0,False
P003,2024-08-28,4,0.0,False
P003,2024-08-29,0,0.0,False
P003,2024-08-30,0,0.0,False
P003,2024-08-31,0,0.0,False
P003,2024-09-01,1,0.0,False
P003,2024-09-02,0,0.0,False
P003,2024-09-03,3,0.0,False
P003,2024-09-04,4,0.0,False
P003,2024-09-05,1,0.0,False
P003,2024-09-06,0,0.0,False
P003,2024-09-07,4,0.0,False
P003,2024-09-08,0,0.0,False
P003,2024-09-09,0,0.0,False
P003,2024-09-10,0,0.0,False
P003,2024-09-11,0,0.0,False
P003,2024-09-12,0,0.0,False
P003,2024-09-13,0,0.0,False
P003,2024-09-14,0,0.0,False
P003,2024-09-15,0,0.0,False
P003,2024-09-16,4,0.0,False
P003,2024-09-17,3,0.0,False
P003,2024-09-18,0,0.0,False
P003,2024-09-19,5,0.0,False
P003,2024-09-20,0,0.0,False
P003,2024-09-21,0,0.0,False
P003,2024-09-22,0,0.0,False
P003,2024-09-23,0,0.0,False
P003,2024-09-24,0,0.0,False
P003,2024-09-25,0,0.0,False
P003,2024-09-26,0,0.0,False
P003,2024-09-27,0,0.0,False
P003,2024-09-28,0,0.0,False
P003,2024-09-29,0,0.0,False
P003,2024-09-30,0,0.0,False
P003,2024-10-01,0,0.0,False
P003,2024-10-02,0,0.0,False
P003,2024-10-03,0,0.0,False
P003,2024-10-04,0,0.0,False
P003,2024-10-05,0,0.0,False
P003,2024-10-06,7,0.0,False
P003,2024-10-07,0,0.0,False
P003,2024-10-08,0,0.0,False
P003,2024-10-09,0,0.0,False
P003,2024-10-10,5,0.0,False
P003,2024-10-11,5,0.0,False
P003,2024-10-12,6,0.0,False
P003,2024-10-13,4,0.0,False
P003,2024-10-14,0,0.0,False
P003,2024-10-15,3,0.0,False
P003,2024-10-16,0,0.0,False
P003,2024-10-17,4,0.0,False
P003,2024-10-18,0,0.0,False
P003,2024-10-19,0,0.0,False
P003,2024-10-20,5,0.0,False
P003,2024-10-21,0,0.0,False
P003,2024-10-22,2,0.0,False
P003,2024-10-23,0,0.0,False
P003,2024-10-24,4,0.0,False
P003,2024-10-25,4,0.0,False
P003,2024-10-26,0,0.0,False
P003,2024-10-27,3,0.0,False
P003,2024-10-28,5,0.0,False
P003,2024-10-29,6,0.0,False
P003,2024-10-30,0,0.0,False
P003,2024-10-31,0,0.0,False
P003,2024-11-01,3,0.0,False
P003,2024-11-02,0,0.0,False
P003,2024-11-03,0,0.0,False
P003,2024-11-04,0,0.0,False
P003,2024-11-05,4,0.0,False
P003,2024-11-06,0,0.0,False
P003,2024-11-07,5,0.0,False
P003,2024-11-08,7,0.0,False
P003,2024-11-09,0,0.0,False
P003,2024-11-10,0,0.0,False
P003,2024-11-11,9,1.0,True
P003,2024-11-12,0,0.0,False
P003,2024-11-13,3,0.0,False
P003,2024-11-14,3,0.0,False
P003,2024-11-15,2,0.0,False
P003,2024-11-16,0,0.0,False
P003,2024-11-17,3,0.0,False
P003,2024-11-18,4,0.0,False
P003,2024-11-19,0,0.0,False
P003,2024-11-20,5,0.0,False
P003,2024-11-21,2,0.0,False
P003,2024-11-22,2,0.0,False
P003,2024-11-23,0,0.0,False
P003,2024-11-24,0,0.0,False
P003,2024-11-25,0,0.0,False
P003,2024-11-26,0,0.0,False
P003,2024-11-27,0,0.0,False
P003,2024-11-28,3,0.0,False
P003,2024-11-29,0,0.0,False
P003,2024-11-30,2,0.0,False
P003,2024-12-01,0,0.0,False
P003,2024-12-02,0,0.0,False
P003,2024-12-03,0,0.0,False
P003,2024-12-04,0,0.0,False
P003,2024-12-05,10,1.4,True
P003,2024-12-06,1,0.0,False
P003,2024-12-07,3,0.0,False
P003,2024-12-08,0,0.0,False
P003,2024-12-09,2,0.0,False
P003,2024-12-10,0,0.0,False
P003,2024-12-11,3,0.0,False
P003,2024-12-12,0,0.0,False
P003,2024-12-13,0,0.0,False
P003,2024-12-14,0,0.0,False
P003,2024-12-15,0,0.0,False
P003,2024-12-16,0,0.0,False
P003,2024-12-17,5,0.0,False
P003,2024-12-18,3,0.0,False
P003,2024-12-19,8,0.2,True
P003,2024-12-20,0,0.0,False
P003,2024-12-21,2,0.0,False
P003,2024-12-22,0,0.0,False
P003,2024-12-23,0,0.0,False
P003,2024-12-24,0,0.0,False
P003,2024-12-25,0,0.0,False
P003,2024-12-26,3,0.0,False
P003,2024-12-27,0,0.0,False
P003,2024-12-28,0,0.0,False
P003,2024-12-29,5,0.0,False
P003,2024-12-30,0,0.0,False
P003,2024-12-31,2,0.0,False
P004,2023-01-01,81,0.6,False
P004,2023-01-02,53,0.0,False
P004,2023-01-03,63,0.0,False
P004,2023-01-04,57,0.0,False
P004,2023-01-05,71,0.2,False
P004,2023-01-06,60,0.4,False
P004,2023-01-07,67,0.0,False
P004,2023-01-08,83,0.8,True
P004,2023-01-09,71,0.2,False
P004,2023-01-10,69,0.2,False
P004,2023-01-11,70,0.0,False
P004,2023-01-12,53,0.0,False
P004,2023-01-13,65,0.6,False
P004,2023-01-14,76,0.4,False
P004,2023-01-15,82,0.4,False
P004,2023-01-16,52,0.4,False
P004,2023-01-17,55,0.0,False
P004,2023-01-18,55,0.0,False
P004,2023-01-19,64,0.0,False
P004,2023-01-20,64,0.0,False
P004,2023-01-21,82,0.4,False
P004,2023-01-22,72,0.2,False
P004,2023-01-23,57,0.0,False
P004,2023-01-24,54,0.0,False
P004,2023-01-25,64,0.0,False
P004,2023-01-26,66,0.0,False
P004,2023-01-27,65,0.6,False
P004,2023-01-28,75,0.6,False
P004,2023-01-29,63,0.0,False
P004,2023-01-30,48,0.0,False
P004,2023-01-31,67,0.0,False
P004,2023-02-01,56,0.0,False
P004,2023-02-02,54,0.0,False
P004,2023-02-03,68,0.6,False
P004,2023-02-04,87,1.8,True
P004,2023-02-05,79,0.6,False
P004,2023-02-06,56,0.0,False
P004,2023-02-07,57,0.0,False
P004,2023-02-08,59,0.0,False
P004,2023-02-09,68,0.6,False
P004,2023-02-10,61,0.2,False
P004,2023-02-11,83,0.8,True
P004,2023-02-12,86,1.6,True
P004,2023-02-13,51,0.0,False
P004,2023-02-14,62,0.8,True
P004,2023-02-15,56,0.0,False
P004,2023-02-16,43,0.0,False
P004,2023-02-17,45,0.0,False
P004,2023-02-18,72,0.2,False
P004,2023-02-19,82,0.4,False
P004,2023-02-20,58,0.4,False
P004,2023-02-21,59,0.0,False
P004,2023-02-22,69,0.2,False
P004,2023-02-23,50,0.0,False
P004,2023-02-24,57,0.0,False
P004,2023-02-25,80,0.4,False
P004,2023-02-26,74,0.0,False
P004,2023-02-27,57,0.0,False
P004,2023-02-28,48,0.0,False
P004,2023-03-01,66,0.0,False
P004,2023-03-02,53,0.0,False
P004,2023-03-03,69,0.2,False
P004,2023-03-04,78,0.4,False
P004,2023-03-05,84,1.4,True
P004,2023-03-06,56,0.0,False
P004,2023-03-07,57,0.0,False
P004,2023-03-08,53,0.0,False
P004,2023-03-09,57,0.0,False
P004,2023-03-10,59,0.0,False
P004,2023-03-11,73,0.0,False
P004,2023-03-12,77,0.4,False
P004,2023-03-13,53,0.0,False
P004,2023-03-14,70,0.0,False
P004,2023-03-15,56,0.0,False
P004,2023-03-16,66,0.0,False
P004,2023-03-17,55,0.0,False
P004,2023-03-18,79,0.6,False
P004,2023-03-19,69,0.2,False
P004,2023-03-20,53,0.0,False
P004,2023-03-21,57,0.0,False
P004,2023-03-22,66,0.0,False
P004,2023-03-23,57,0.0,False
P004,2023-03-24,64,0.0,False
P004,2023-03-25,81,0.6,False
P004,2023-03-26,87,1.8,True
P004,2023-03-27,55,0.0,False
P004,2023-03-28,70,0.0,False
P004,2023-03-29,53,0.0,False
P004,2023-03-30,51,0.0,False
P004,2023-03-31,48,0.0,False
P004,2023-04-01,90,4.2,True
P004,2023-04-02,81,0.6,False
P004,2023-04-03,53,0.0,False
P004,2023-04-04,63,0.0,False
P004,2023-04-05,59,0.0,False
P004,2023-04-06,67,0.0,False
P004,2023-04-07,46,0.0,False
P004,2023-04-08,75,0.6,False
P004,2023-04-09,73,0.0,False
P004,2023-04-10,43,0.0,False
P004,2023-04-11,72,0.2,False
P004,2023-04-11,61,0.2,False
P004,2023-04-12,53,0.0,False
P004,2023-04-13,59,0.0,False
P004,2023-04-14,69,0.2,False
P004,2023-04-15,74,0.0,False
P004,2023-04-16,73,0.0,False
P004,2023-04-17,55,0.0,False
P004,2023-04-18,61,0.2,False
P004,2023-04-19,51,0.0,False
P004,2023-04-20,51,0.0,False
P004,2023-04-21,61,0.2,False
P004,2023-04-22,78,0.4,False
P004,2023-04-23,63,0.0,False
P004,2023-04-24,47,0.0,False
P004,2023-04-25,63,0.0,False
P004,2023-04-26,57,0.0,False
P004,2023-04-27,50,0.0,False
P004,2023-04-28,53,0.0,False
P004,2023-04-29,75,0.6,False
P004,2023-04-30,79,0.6,False
P004,2023-05-01,46,0.0,False
P004,2023-05-02,49,0.0,False
P004,2023-05-03,56,0.0,False
P004,2023-05-04,53,0.0,False
P004,2023-05-05,57,0.0,False
P004,2023-05-06,67,0.0,False
P004,2023-05-07,77,0.4,False
P004,2023-05-08,60,0.4,False
P004,2023-05-09,57,0.0,False
P004,2023-05-10,54,0.0,False
P004,2023-05-11,53,0.0,False
P004,2023-05-12,48,0.0,False
P004,2023-05-13,74,0.0,False
P004,2023-05-14,82,0.4,False
P004,2023-05-15,53,0.0,False
P004,2023-05-16,48,0.0,False
P004,2023-05-17,50,0.0,False
P004,2023-05-18,54,0.0,False
P004,2023-05-19,51,0.0,False
P004,2023-05-20,77,0.4,False
P004,2023-05-21,77,0.4,False
P004,2023-05-22,58,0.4,False
P004,2023-05-23,61,0.2,False
P004,2023-05-24,59,0.0,False
P004,2023-05-25,47,0.0,False
P004,2023-05-26,47,0.0,False
P004,2023-05-27,73,0.0,False
P004,2023-05-28,71,0.2,False
P004,2023-05-29,46,0.0,False
P004,2023-05-30,50,0.0,False
P004,2023-05-31,50,0.0,False
P004,2023-06-01,48,0.0,False
P004,2023-06-02,51,0.0,False
P004,2023-06-03,80,0.4,False
P004,2023-06-04,74,0.0,False
P004,2023-06-05,67,0.0,False
P004,2023-06-06,53,0.0,False
P004,2023-06-07,50,0.0,False
P004,2023-06-08,52,0.4,False
P004,2023-06-09,54,0.0,False
P004,2023-06-10,76,0.4,False
P004,2023-06-11,85,1.6,True
P004,2023-06-12,47,0.0,False
P004,2023-06-13,57,0.0,False
P004,2023-06-14,53,0.0,False
P004,2023-06-15,42,0.0,False
P004,2023-06-16,56,0.0,False
P004,2023-06-17,80,0.4,False
P004,2023-06-18,67,0.0,False
P004,2023-06-19,51,0.0,False
P004,2023-06-20,41,0.0,False
P004,2023-06-21,44,0.0,False
P004,2023-06-22,58,0.4,False
P004,2023-06-23,49,0.0,False
P004,2023-06-24,66,0.0,False
P004,2023-06-25,74,0.0,False
P004,2023-06-26,48,0.0,False
P004,2023-06-27,48,0.0,False
P004,2023-06-28,56,0.0,False
P004,2023-06-29,44,0.0,False
P004,2023-06-30,46,0.0,False
P004,2023-07-01,73,0.0,False
P004,2023-07-02,78,0.4,False
P004,2023-07-03,58,0.4,False
P004,2023-07-04,47,0.0,False
P004,2023-07-05,56,0.0,False
P004,2023-07-06,46,0.0,False
P004,2023-07-07,62,0.8,True
P004,2023-07-08,65,0.6,False
P004,2023-07-09,80,0.4,False
P004,2023-07-10,47,0.0,False
P004,2023-07-11,63,0.0,False
P004,2023-07-12,54,0.0,False
P004,2023-07-13,44,0.0,False
P004,2023-07-14,47,0.0,False
P004,2023-07-15,76,0.4,False
P004,2023-07-16,78,0.4,False
P004,2023-07-17,50,0.0,False
P004,2023-07-18,50,0.0,False
P004,2023-07-19,55,0.0,False
P004,2023-07-20,51,0.0,False
P004,2023-07-21,42,0.0,False
P004,2023-07-22,66,0.0,False
P004,2023-07-23,72,0.2,False
P004,2023-07-24,57,0.0,False
P004,2023-07-25,59,0.0,False
P004,2023-07-26,54,0.0,False
P004,2023-07-27,51,0.0,False
P004,2023-07-28,54,0.0,False
P004,2023-07-29,67,0.0,False
P004,2023-07-30,70,0.0,False
P004,2023-07-31,45,0.0,False
P004,2023-08-01,42,0.0,False
P004,2023-08-02,51,0.0,False
P004,2023-08-03,50,0.0,False
P004,2023-08-04,53,0.0,False
P004,2023-08-05,73,0.0,False
P004,2023-08-06,72,0.2,False
P004,2023-08-07,52,0.4,False
P004,2023-08-08,49,0.0,False
P004,2023-08-09,51,0.0,False
P004,2023-08-10,45,0.0,False
P004,2023-08-11,51,0.0,False
P004,2023-08-12,74,0.0,False
P004,2023-08-13,66,0.0,False
P004,2023-08-14,49,0.0,False
P004,2023-08-15,45,0.0,False
P004,2023-08-16,45,0.0,False
P004,2023-08-17,42,0.0,False
P004,2023-08-18,56,0.0,False
P004,2023-08-19,76,0.4,False
P004,2023-08-20,73,0.0,False
P004,2023-08-21,60,0.4,False
P004,2023-08-22,47,0.0,False
P004,2023-08-23,66,0.0,False
P004,2023-08-24,47,0.0,False
P004,2023-08-25,50,0.0,False
P004,2023-08-26,67,0.0,False
P004,2023-08-27,71,0.2,False
P004,2023-08-28,53,0.0,False
P004,2023-08-29,47,0.0,False
P004,2023-08-30,59,0.0,False
P004,2023-08-31,49,0.0,False
P004,2023-09-01,49,0.0,False
P004,2023-09-02,63,0.0,False
P004,2023-09-03,71,0.2,False
P004,2023-09-04,47,0.0,False
P004,2023-09-05,44,0.0,False
P004,2023-09-06,43,0.0,False
P004,2023-09-07,64,0.0,False
P004,2023-09-08,46,0.0,False
P004,2023-09-09,60,0.4,False
P004,2023-09-10,64,0.0,False
P004,2023-09-11,47,0.0,False
P004,2023-09-12,51,0.0,False
P004,2023-09-13,51,0.0,False
P004,2023-09-14,51,0.0,False
P004,2023-09-15,43,0.0,False
P004,2023-09-16,70,0.0,False
P004,2023-09-17,63,0.0,False
P004,2023-09-18,43,0.0,False
P004,2023-09-19,41,0.0,False
P004,2023-09-20,40,0.0,False
P004,2023-09-21,53,0.0,False
P004,2023-09-22,51,0.0,False
P004,2023-09-23,74,0.0,False
P004,2023-09-24,68,0.6,False
P004,2023-09-25,51,0.0,False
P004,2023-09-26,36,0.0,False
P004,2023-09-27,52,0.4,False
P004,2023-09-28,48,0.0,False
P004,2023-09-29,50,0.0,False
P004,2023-09-30,70,0.0,False
P004,2023-10-01,40,0.0,False
P004,2023-10-02,24,0.0,False
P004,2023-10-03,27,0.0,False
P004,2023-10-04,32,0.0,False
P004,2023-10-05,32,0.0,False
P004,2023-10-06,25,0.0,False
P004,2023-10-07,40,0.0,False
P004,2023-10-08,41,0.0,False
P004,2023-10-09,29,0.0,False
P004,2023-10-10,25,0.0,False
P004,2023-10-11,24,0.0,False
P004,2023-10-12,27,0.0,False
P004,2023-10-13,30,0.0,False
P004,2023-10-14,39,0.0,False
P004,2023-10-15,43,0.0,False
P004,2023-10-16,34,0.0,False
P004,2023-10-17,25,0.0,False
P004,2023-10-18,29,0.0,False
P004,2023-10-19,34,0.0,False
P004,2023-10-20,28,0.0,False
P004,2023-10-21,41,0.0,False
P004,2023-10-22,47,0.0,False
P004,2023-10-23,28,0.0,False
P004,2023-10-24,34,0.0,False
P004,2023-10-25,31,0.0,False
P004,2023-10-26,28,0.0,False
P004,2023-10-27,31,0.0,False
P004,2023-10-28,44,0.0,False
P004,2023-10-29,47,0.0,False
P004,2023-10-30,27,0.0,False
P004,2023-10-31,29,0.0,False
P004,2023-11-01,29,0.0,False
P004,2023-11-02,32,0.0,False
P004,2023-11-03,25,0.0,False
P004,2023-11-04,47,0.0,False
P004,2023-11-05,44,0.0,False
P004,2023-11-06,24,0.0,False
P004,2023-11-07,34,0.0,False
P004,2023-11-08,38,0.0,False
P004,2023-11-09,32,0.0,False
P004,2023-11-10,34,0.0,False
P004,2023-11-11,43,0.0,False
P004,2023-11-12,36,0.0,False
P004,2023-11-13,21,0.0,False
P004,2023-11-14,30,0.0,False
P004,2023-11-15,27,0.0,False
P004,2023-11-16,25,0.0,False
P004,2023-11-17,29,0.0,False
P004,2023-11-18,45,0.0,False
P004,2023-11-19,36,0.0,False
P004,2023-11-20,0,2.0,True
P004,2023-11-21,0,2.0,True
P004,2023-11-22,0,2.0,True
P004,2023-11-23,0,2.0,True
P004,2023-11-24,0,2.0,True
P004,2023-11-25,44,0.0,False
P004,2023-11-26,46,0.0,False
P004,2023-11-27,31,0.0,False
P004,2023-11-28,32,0.0,False
P004,2023-11-29,23,0.0,False
P004,2023-11-30,32,0.0,False
P004,2023-12-01,25,0.0,False
P004,2023-12-02,43,0.0,False
P004,2023-12-03,43,0.0,False
P004,2023-12-04,30,0.0,False
P004,2023-12-05,29,0.0,False
P004,2023-12-06,25,0.0,False
P004,2023-12-07,23,0.0,False
P004,2023-12-08,31,0.0,False
P004,2023-12-09,42,0.0,False
P004,2023-12-10,46,0.0,False
P004,2023-12-11,28,0.0,False
P004,2023-12-12,22,0.0,False
P004,2023-12-13,31,0.0,False
P004,2023-12-14,26,0.0,False
P004,2023-12-15,29,0.0,False
P004,2023-12-16,39,0.0,False
P004,2023-12-17,47,0.0,False
P004,2023-12-18,24,0.0,False
P004,2023-12-19,26,0.0,False
P004,2023-12-20,28,0.0,False
P004,2023-12-21,23,0.0,False
P004,2023-12-22,29,0.0,False
P004,2023-12-23,47,0.0,False
P004,2023-12-24,39,0.0,False
P004,2023-12-25,29,0.0,False
P004,2023-12-26,17,0.0,False
P004,2023-12-27,27,0.0,False
P004,2023-12-28,26,0.0,False
P004,2023-12-29,24,0.0,False
P004,2023-12-30,45,0.0,False
P004,2023-12-31,40,0.0,False
P004,2024-01-01,27,0.0,False
P004,2024-01-02,25,0.0,False
P004,2024-01-03,20,0.0,False
P004,2024-01-04,23,0.0,False
P004,2024-01-05,31,0.0,False
P004,2024-01-06,32,0.0,False
P004,2024-01-07,38,0.0,False
P004,2024-01-08,25,0.0,False
P004,2024-01-09,34,0.0,False
P004,2024-01-10,30,0.0,False
P004,2024-01-11,25,0.0,False
P004,2024-01-12,32,0.0,False
P004,2024-01-13,38,0.0,False
P004,2024-01-14,44,0.0,False
P004,2024-01-15,21,0.0,False
P004,2024-01-16,31,0.0,False
P004,2024-01-17,25,0.0,False
P004,2024-01-18,23,0.0,False
P004,2024-01-19,26,0.0,False
P004,2024-01-20,41,0.0,False
P004,2024-01-21,38,0.0,False
P004,2024-01-22,29,0.0,False
P004,2024-01-23,24,0.0,False
P004,2024-01-24,29,0.0,False
P004,2024-01-25,28,0.0,False
P004,2024-01-26,26,0.0,False
P004,2024-01-27,38,0.0,False
P004,2024-01-28,40,0.0,False
P004,2024-01-29,29,0.0,False
P004,2024-01-30,34,0.0,False
P004,2024-01-31,30,0.0,False
P004,2024-02-01,30,0.0,False
P004,2024-02-02,38,0.0,False
P004,2024-02-03,42,0.0,False
P004,2024-02-04,42,0.0,False
P004,2024-02-05,29,0.0,False
P004,2024-02-06,22,0.0,False
P004,2024-02-07,24,0.0,False
P004,2024-02-08,24,0.0,False
P004,2024-02-09,29,0.0,False
P004,2024-02-10,39,0.0,False
P004,2024-02-11,40,0.0,False
P004,2024-02-12,30,0.0,False
P004,2024-02-13,29,0.0,False
P004,2024-02-14,25,0.0,False
P004,2024-02-15,23,0.0,False
P004,2024-02-16,30,0.0,False
P004,2024-02-17,42,0.0,False
P004,2024-02-18,33,0.2,False
P004,2024-02-19,24,0.0,False
P004,2024-02-20,26,0.0,False
P004,2024-02-21,29,0.0,False
P004,2024-02-22,29,0.0,False
P004,2024-02-23,27,0.0,False
P004,2024-02-24,42,0.0,False
P004,2024-02-25,39,0.0,False
P004,2024-02-26,23,0.0,False
P004,2024-02-27,192,105.0,True
P004,2024-02-28,25,0.0,False
P004,2024-02-29,25,0.0,False
P004,2024-03-01,18,0.0,False
P004,2024-03-02,37,0.4,False
P004,2024-03-03,39,0.0,False
P004,2024-03-04,24,0.0,False
P004,2024-03-05,24,0.0,False
P004,2024-03-06,27,0.0,False
P004,2024-03-07,21,0.0,False
P004,2024-03-08,19,0.0,False
P004,2024-03-09,37,0.4,False
P004,2024-03-10,42,0.0,False
P004,2024-03-11,31,0.0,False
P004,2024-03-12,28,0.0,False
P004,2024-03-13,19,0.0,False
P004,2024-03-14,24,0.0,False
P004,2024-03-15,26,0.0,False
P004,2024-03-16,39,0.0,False
P004,2024-03-17,40,0.0,False
P004,2024-03-18,21,0.0,False
P004,2024-03-19,25,0.0,False
P004,2024-03-20,26,0.0,False
P004,2024-03-21,28,0.0,False
P004,2024-03-22,21,0.0,False
P004,2024-03-23,37,0.4,False
P004,2024-03-24,27,0.0,False
P004,2024-03-25,22,0.0,False
P004,2024-03-26,22,0.0,False
P004,2024-03-27,20,0.0,False
P004,2024-03-28,25,0.0,False
P004,2024-03-29,24,0.0,False
P004,2024-03-30,29,0.0,False
P004,2024-03-31,39,0.0,False
P004,2024-04-01,21,0.0,False
P004,2024-04-02,26,0.0,False
P004,2024-04-03,19,0.0,False
P004,2024-04-04,24,0.0,False
P004,2024-04-05,23,0.0,False
P004,2024-04-06,39,0.0,False
P004,2024-04-07,38,0.0,False
P004,2024-04-08,23,0.0,False
P004,2024-04-09,18,0.0,False
P004,2024-04-10,18,0.0,False
P004,2024-04-11,21,0.0,False
P004,2024-04-12,24,0.0,False
P004,2024-04-13,35,0.2,False
P004,2024-04-14,40,0.0,False
P004,2024-04-15,23,0.0,False
P004,2024-04-16,20,0.0,False
P004,2024-04-17,23,0.0,False
P004,2024-04-18,25,0.0,False
P004,2024-04-19,25,0.0,False
P004,2024-04-20,45,0.0,False
P004,2024-04-21,34,0.0,False
P004,2024-04-22,23,0.0,False
P004,2024-04-23,25,0.0,False
P004,2024-04-24,23,0.0,False
P004,2024-04-25,21,0.0,False
P004,2024-04-26,18,0.0,False
P004,2024-04-27,35,0.2,False
P004,2024-04-28,32,0.0,False
P004,2024-04-29,16,0.0,False
P004,2024-04-30,20,0.0,False
P004,2024-05-01,19,0.0,False
P004,2024-05-02,25,0.0,False
P004,2024-05-03,25,0.0,False
P004,2024-05-04,33,0.2,False
P004,2024-05-05,36,0.0,False
P004,2024-05-06,16,0.0,False
P004,2024-05-07,21,0.0,False
P004,2024-05-08,25,0.0,False
P004,2024-05-09,26,0.0,False
P004,2024-05-10,20,0.0,False
P004,2024-05-11,41,0.0,False
P004,2024-05-12,31,0.0,False
P004,2024-05-13,18,0.0,False
P004,2024-05-14,25,0.0,False
P004,2024-05-15,29,0.0,False
P004,2024-05-16,25,0.0,False
P004,2024-05-17,23,0.0,False
P004,2024-05-18,28,0.0,False
P004,2024-05-19,29,0.0,False
P004,2024-05-20,23,0.0,False
P004,2024-05-21,21,0.0,False
P004,2024-05-22,18,0.0,False
P004,2024-05-23,23,0.0,False
P004,2024-05-24,23,0.0,False
P004,2024-05-25,40,0.0,False
P004,2024-05-26,36,0.0,False
P004,2024-05-27,27,0.0,False
P004,2024-05-28,22,0.0,False
P004,2024-05-29,22,0.0,False
P004,2024-05-30,27,0.0,False
P004,2024-05-31,18,0.0,False
P004,2024-06-01,47,0.0,False
P004,2024-06-02,37,0.4,False
P004,2024-06-03,23,0.0,False
P004,2024-06-04,24,0.0,False
P004,2024-06-05,29,0.0,False
P004,2024-06-06,25,0.0,False
P004,2024-06-07,16,0.0,False
P004,2024-06-08,41,0.0,False
P004,2024-06-09,34,0.0,False
P004,2024-06-10,22,0.0,False
P004,2024-06-11,17,0.0,False
P004,2024-06-12,24,0.0,False
P004,2024-06-13,20,0.0,False
P004,2024-06-14,22,0.0,False
P004,2024-06-15,34,0.0,False
P004,2024-06-16,43,0.0,False
P004,2024-06-17,29,0.0,False
P004,2024-06-18,22,0.0,False
P004,2024-06-19,22,0.0,False
P004,2024-06-20,20,0.0,False
P004,2024-06-21,26,0.0,False
P004,2024-06-22,34,0.0,False
P004,2024-06-23,34,0.0,False
P004,2024-06-24,25,0.0,False
P004,2024-06-25,20,0.0,False
P004,2024-06-26,21,0.0,False
P004,2024-06-27,15,0.0,False
P004,2024-06-28,24,0.0,False
P004,2024-06-29,42,0.0,False
P004,2024-06-30,38,0.0,False
P004,2024-07-01,27,0.0,False
P004,2024-07-02,18,0.0,False
P004,2024-07-03,22,0.0,False
P004,2024-07-04,18,0.0,False
P004,2024-07-05,20,0.0,False
P004,2024-07-06,38,0.0,False
P004,2024-07-07,35,0.2,False
P004,2024-07-08,16,0.0,False
P004,2024-07-09,16,0.0,False
P004,2024-07-10,16,0.0,False
P004,2024-07-11,23,0.0,False
P004,2024-07-12,29,0.0,False
P004,2024-07-13,40,0.0,False
P004,2024-07-14,27,0.0,False
P004,2024-07-15,26,0.0,False
P004,2024-07-16,25,0.0,False
P004,2024-07-17,15,0.0,False
P004,2024-07-18,20,0.0,False
P004,2024-07-19,25,0.0,False
P004,2024-07-20,36,0.0,False
P004,2024-07-21,29,0.0,False
P004,2024-07-22,23,0.0,False
P004,2024-07-23,12,0.8,True
P004,2024-07-24,20,0.0,False
P004,2024-07-25,25,0.0,False
P004,2024-07-26,21,0.0,False
P004,2024-07-27,32,0.0,False
P004,2024-07-28,38,0.0,False
P004,2024-07-29,24,0.0,False
P004,2024-07-30,25,0.0,False
P004,2024-07-31,23,0.0,False
P004,2024-08-01,25,0.0,False
P004,2024-08-02,23,0.0,False
P004,2024-08-03,35,0.2,False
P004,2024-08-04,34,0.0,False
P004,2024-08-05,19,0.0,False
P004,2024-08-06,16,0.0,False
P004,2024-08-07,16,0.0,False
P004,2024-08-08,19,0.0,False
P004,2024-08-09,21,0.0,False
P004,2024-08-10,39,0.0,False
P004,2024-08-11,33,0.2,False
P004,2024-08-12,24,0.0,False
P004,2024-08-13,24,0.0,False
P004,2024-08-14,19,0.0,False
P004,2024-08-15,22,0.0,False
P004,2024-08-16,19,0.0,False
P004,2024-08-17,38,0.0,False
P004,2024-08-18,36,0.0,False
P004,2024-08-19,15,0.0,False
P004,2024-08-20,20,0.0,False
P004,2024-08-21,26,0.0,False
P004,2024-08-22,19,0.0,False
P004,2024-08-23,21,0.0,False
P004,2024-08-24,35,0.2,False
P004,2024-08-25,29,0.0,False
P004,2024-08-26,21,0.0,False
P004,2024-08-27,14,0.0,False
P004,2024-08-28,17,0.0,False
P004,2024-08-29,23,0.0,False
P004,2024-08-30,21,0.0,False
P004,2024-08-31,32,0.0,False
P004,2024-09-01,34,0.0,False
P004,2024-09-02,19,0.0,False
P004,2024-09-03,20,0.0,False
P004,2024-09-04,21,0.0,False
P004,2024-09-05,16,0.0,False
P004,2024-09-06,20,0.0,False
P004,2024-09-07,31,0.0,False
P004,2024-09-08,27,0.0,False
P004,2024-09-09,16,0.0,False
P004,2024-09-10,25,0.0,False
P004,2024-09-11,20,0.0,False
P004,2024-09-12,14,0.0,False
P004,2024-09-13,13,0.0,False
P004,2024-09-14,32,0.0,False
P004,2024-09-15,38,0.0,False
P004,2024-09-16,18,0.0,False
P004,2024-09-17,24,0.0,False
P004,2024-09-18,20,0.0,False
P004,2024-09-19,20,0.0,False
P004,2024-09-20,14,0.0,False
P004,2024-09-21,36,0.0,False
P004,2024-09-22,31,0.0,False
P004,2024-09-23,22,0.0,False
P004,2024-09-24,16,0.0,False
P004,2024-09-25,19,0.0,False
P004,2024-09-26,20,0.0,False
P004,2024-09-27,18,0.0,False
P004,2024-09-28,34,0.0,False
P004,2024-09-29,31,0.0,False
P004,2024-09-30,16,0.0,False
P004,2024-10-01,25,0.0,False
P004,2024-10-02,22,0.0,False
P004,2024-10-03,15,0.0,False
P004,2024-10-04,20,0.0,False
P004,2024-10-05,29,0.0,False
P004,2024-10-06,27,0.0,False
P004,2024-10-07,22,0.0,False
P004,2024-10-08,11,0.8,True
P004,2024-10-09,21,0.0,False
P004,2024-10-10,17,0.0,False
P004,2024-10-11,17,0.0,False
P004,2024-10-12,33,0.2,False
P004,2024-10-13,34,0.0,False
P004,2024-10-14,14,0.0,False
P004,2024-10-15,21,0.0,False
P004,2024-10-16,18,0.0,False
P004,2024-10-17,13,0.0,False
P004,2024-10-18,17,0.0,False
P004,2024-10-19,36,0.0,False
P004,2024-10-20,38,0.0,False
P004,2024-10-21,20,0.0,False
P004,2024-10-22,13,0.0,False
P004,2024-10-23,20,0.0,False
P004,2024-10-24,21,0.0,False
P004,2024-10-25,20,0.0,False
P004,2024-10-26,34,0.0,False
P004,2024-10-27,32,0.0,False
P004,2024-10-28,17,0.0,False
P004,2024-10-29,15,0.0,False
P004,2024-10-30,10,1.2,True
P004,2024-10-31,19,0.0,False
P004,2024-11-01,18,0.0,False
P004,2024-11-02,33,0.2,False
P004,2024-11-03,25,0.0,False
P004,2024-11-04,20,0.0,False
P004,2024-11-05,25,0.0,False
P004,2024-11-06,18,0.0,False
P004,2024-11-07,17,0.0,False
P004,2024-11-08,18,0.0,False
P004,2024-11-09,38,0.0,False
P004,2024-11-10,27,0.0,False
P004,2024-11-11,18,0.0,False
P004,2024-11-12,14,0.0,False
P004,2024-11-13,15,0.0,False
P004,2024-11-14,17,0.0,False
P004,2024-11-15,22,0.0,False
P004,2024-11-16,38,0.0,False
P004,2024-11-17,32,0.0,False
P004,2024-11-18,15,0.0,False
P004,2024-11-19,27,0.0,False
P004,2024-11-20,15,0.0,False
P004,2024-11-21,14,0.0,False
P004,2024-11-22,10,1.2,True
P004,2024-11-23,36,0.0,False
P004,2024-11-24,34,0.0,False
P004,2024-11-25,26,0.0,False
P004,2024-11-26,11,0.8,True
P004,2024-11-27,22,0.0,False
P004,2024-11-28,17,0.0,False
P004,2024-11-29,20,0.0,False
P004,2024-11-30,23,0.0,False
P004,2024-12-01,36,0.0,False
P004,2024-12-02,20,0.0,False
P004,2024-12-03,16,0.0,False
P004,2024-12-04,19,0.0,False
P004,2024-12-05,13,0.0,False
P004,2024-12-06,14,0.0,False
P004,2024-12-07,28,0.0,False
P004,2024-12-08,23,0.0,False
P004,2024-12-09,20,0.0,False
P004,2024-12-10,21,0.0,False
P004,2024-12-11,13,0.0,False
P004,2024-12-12,18,0.0,False
P004,2024-12-13,15,0.0,False
P004,2024-12-14,31,0.0,False
P004,2024-12-15,27,0.0,False
P004,2024-12-16,12,0.8,True
P004,2024-12-17,20,0.0,False
P004,2024-12-18,16,0.0,False
P004,2024-12-19,23,0.0,False
P004,2024-12-20,16,0.0,False
P004,2024-12-21,25,0.0,False
P004,2024-12-22,34,0.0,False
P004,2024-12-23,18,0.0,False
P004,2024-12-24,18,0.0,False
P004,2024-12-25,20,0.0,False
P004,2024-12-26,13,0.0,False
P004,2024-12-27,15,0.0,False
P004,2024-12-28,29,0.0,False
P004,2024-12-29,24,0.0,False
P004,2024-12-30,14,0.0,False
P004,2024-12-31,21,0.0,False
