Model,Training Time,MAE,MSE,RMSE,R2 Score,CV Mean,CV Std
Ridge Regression,0.03527021408081055,6135.3484274124085,75152439.10353051,8669.050646035616,0.8224120888186558,0.8284335924553968,0.011896966443398275
Lasso Regression,22.328049659729004,6048.925049334072,78672995.81577608,8869.779919241293,0.8140928869380374,0.8169720020065988,0.01604900527516678
Linear Regression,0.629472017288208,6608.946057303385,88056139.26811208,9383.823275622366,0.7919201821543682,0.8078096256427478,0.014528026221794142
Extra Trees,74.93908619880676,7531.731700960219,118316660.68558943,10877.34621521212,0.7204134838503384,0.7436676360664355,0.025947275780053618
Random Forest,51.35222625732422,8330.782112482853,140481181.1280431,11852.47573834442,0.6680379264544024,0.70985624776662,0.02790497955042977
Gradient Boosting,3.418832302093506,9123.181339741637,149394259.6196845,12222.694450066421,0.6469760020457294,0.6990655382446798,0.025279848734954664
Decision Tree,0.747368574142456,10275.802469135802,224161632.33470508,14972.028330680685,0.4702980165623045,0.5107319633123958,0.0353822973306327
AdaBoost,0.9080111980438232,13633.08970506529,258693947.49348012,16083.965540048888,0.3886969163125238,0.44913440635884544,0.06511317434582492
Support Vector Regressor,1.1237165927886963,15830.685030293043,439017459.89339626,20952.74349323726,-0.037414016159925234,-0.03089851419901284,0.011049719441348088
